area,date,3_plus,3_plus_proj,lat,long
baki,2021-01-01,14%,17%,10.28566,43.7321
baki,2020-09-01,11%,13%,10.28566,43.7321
baki,2020-01-01,6%,6%,10.28566,43.7321
baki,2019-08-01,13%,17%,10.28566,43.7321
baki,2019-01-01,17%,19%,10.28566,43.7321
baki,2018-07-01,14%,8%,10.28566,43.7321
baki,2018-01-01,10%,18%,10.28566,43.7321
baki,2017-07-01,23%,8%,10.28566,43.7321
baki,2017-01-01,2%,10%,10.28566,43.7321
borama,2021-01-01,11%,16%,10.18763,43.17024
borama,2020-09-01,10%,15%,10.18763,43.17024
borama,2020-01-01,6%,6%,10.18763,43.17024
borama,2019-08-01,4%,11%,10.18763,43.17024
borama,2019-01-01,20%,22%,10.18763,43.17024
borama,2018-07-01,16%,14%,10.18763,43.17024
borama,2018-01-01,4%,12%,10.18763,43.17024
borama,2017-07-01,7%,14%,10.18763,43.17024
borama,2017-01-01,1%,4%,10.18763,43.17024
lughaye,2021-01-01,15%,33%,10.64738,43.57812
lughaye,2020-09-01,17%,32%,10.64738,43.57812
lughaye,2020-01-01,16%,20%,10.64738,43.57812
lughaye,2019-08-01,19%,35%,10.64738,43.57812
lughaye,2019-01-01,43%,39%,10.64738,43.57812
lughaye,2018-07-01,41%,52%,10.64738,43.57812
lughaye,2018-01-01,36%,60%,10.64738,43.57812
lughaye,2017-07-01,36%,34%,10.64738,43.57812
lughaye,2017-01-01,36%,36%,10.64738,43.57812
zeylac,2021-01-01,15%,33%,10.89293,43.16827
zeylac,2020-09-01,17%,32%,10.89293,43.16827
zeylac,2020-01-01,16%,21%,10.89293,43.16827
zeylac,2019-08-01,21%,37%,10.89293,43.16827
zeylac,2019-01-01,42%,38%,10.89293,43.16827
zeylac,2018-07-01,40%,52%,10.89293,43.16827
zeylac,2018-01-01,57%,64%,10.89293,43.16827
zeylac,2017-07-01,39%,20%,10.89293,43.16827
zeylac,2017-01-01,39%,39%,10.89293,43.16827
ceel barde,2021-01-01,9%,10%,4.673877,43.99833
ceel barde,2020-09-01,8%,11%,4.673877,43.99833
ceel barde,2020-01-01,4%,4%,4.673877,43.99833
ceel barde,2019-08-01, 0, 0,4.673877,43.99833
ceel barde,2019-01-01, 0, 0,4.673877,43.99833
ceel barde,2018-07-01, 0, 0,4.673877,43.99833
ceel barde,2018-01-01, 0,1%,4.673877,43.99833
ceel barde,2017-07-01,43%, 0,4.673877,43.99833
ceel barde,2017-01-01,24%,43%,4.673877,43.99833
rab dhuure,2021-01-01,7%,14%,4.243281,43.21162
rab dhuure,2020-09-01,6%,7%,4.243281,43.21162
rab dhuure,2020-01-01, 0, 0,4.243281,43.21162
tayeeglow,2021-01-01,9%,17%,3.835937,44.52907
tayeeglow,2020-09-01,10%,13%,3.835937,44.52907
tayeeglow,2020-01-01,2%,2%,3.835937,44.52907
tayeeglow,2019-08-01,16%,20%,3.835937,44.52907
tayeeglow,2019-01-01,5%,7%,3.835937,44.52907
tayeeglow,2018-07-01,6%,3%,3.835937,44.52907
tayeeglow,2018-01-01,8%,17%,3.835937,44.52907
tayeeglow,2017-07-01,33%,3%,3.835937,44.52907
tayeeglow,2017-01-01,24%,33%,3.835937,44.52907
waajid,2021-01-01,10%,20%,3.81645,43.43285
waajid,2020-09-01,10%,15%,3.81645,43.43285
waajid,2020-01-01,5%,5%,3.81645,43.43285
waajid,2019-08-01,13%,16%,3.81645,43.43285
waajid,2019-01-01,4%,6%,3.81645,43.43285
waajid,2018-07-01,9%,7%,3.81645,43.43285
waajid,2018-01-01,11%,18%,3.81645,43.43285
waajid,2017-07-01,44%,7%,3.81645,43.43285
waajid,2017-01-01,34%,44%,3.81645,43.43285
xudur,2021-01-01,12%,23%,4.188905999999999,43.90622
xudur,2020-09-01,12%,17%,4.188905999999999,43.90622
xudur,2020-01-01,7%,7%,4.188905999999999,43.90622
xudur,2019-08-01,16%,20%,4.188905999999999,43.90622
xudur,2019-01-01,5%,7%,4.188905999999999,43.90622
xudur,2018-07-01,11%,8%,4.188905999999999,43.90622
xudur,2018-01-01,14%,23%,4.188905999999999,43.90622
xudur,2017-07-01,45%,8%,4.188905999999999,43.90622
xudur,2017-01-01,37%,45%,4.188905999999999,43.90622
banadir,2021-01-01,3%,12%,2.110552,45.42547
banadir,2020-09-01,8%,16%,2.110552,45.42547
banadir,2020-01-01,6%,7%,2.110552,45.42547
banadir,2019-08-01,6%,12%,2.110552,45.42547
banadir,2019-01-01,5%,9%,2.110552,45.42547
banadir,2018-07-01,13%,13%,2.110552,45.42547
banadir,2018-01-01,3%,3%,2.110552,45.42547
banadir,2017-07-01,10%,13%,2.110552,45.42547
banadir,2017-01-01,31%,8%,2.110552,45.42547
bandarbeyla,2021-01-01,22%,33%,9.229735,50.32945
bandarbeyla,2020-09-01,16%,18%,9.229735,50.32945
bandarbeyla,2020-01-01,10%,8%,9.229735,50.32945
bandarbeyla,2019-08-01,5%,11%,9.229735,50.32945
bandarbeyla,2019-01-01,8%,11%,9.229735,50.32945
bandarbeyla,2018-07-01,5%,9%,9.229735,50.32945
bandarbeyla,2018-01-01,15%,34%,9.229735,50.32945
bandarbeyla,2017-07-01,15%,9%,9.229735,50.32945
bandarbeyla,2017-01-01,29%,35%,9.229735,50.32945
bossaso,2021-01-01,23%,36%,10.9218,49.39968
bossaso,2020-09-01,15%,24%,10.9218,49.39968
bossaso,2020-01-01,10%,13%,10.9218,49.39968
bossaso,2019-08-01,6%,11%,10.9218,49.39968
bossaso,2019-01-01,13%,18%,10.9218,49.39968
bossaso,2018-07-01,26%,40%,10.9218,49.39968
bossaso,2018-01-01,1%,1%,10.9218,49.39968
bossaso,2017-07-01,2%,40%,10.9218,49.39968
bossaso,2017-01-01,1%,19%,10.9218,49.39968
caluula,2021-01-01,16%,22%,11.66822,50.79402
caluula,2020-09-01,18%,19%,11.66822,50.79402
caluula,2020-01-01,12%,12%,11.66822,50.79402
caluula,2019-08-01,5%,9%,11.66822,50.79402
caluula,2019-01-01,6%,9%,11.66822,50.79402
caluula,2018-07-01,5%, 0,11.66822,50.79402
caluula,2018-01-01,21%,38%,11.66822,50.79402
caluula,2017-07-01,38%, 0,11.66822,50.79402
caluula,2017-01-01,14%,23%,11.66822,50.79402
iskushuban,2021-01-01,17%,27%,10.5516,50.50521
iskushuban,2020-09-01,17%,18%,10.5516,50.50521
iskushuban,2020-01-01,12%,12%,10.5516,50.50521
iskushuban,2019-08-01,7%,17%,10.5516,50.50521
iskushuban,2019-01-01,12%,16%,10.5516,50.50521
iskushuban,2018-07-01,8%,7%,10.5516,50.50521
iskushuban,2018-01-01,16%,31%,10.5516,50.50521
iskushuban,2017-07-01,28%,7%,10.5516,50.50521
iskushuban,2017-01-01,26%,31%,10.5516,50.50521
qandala,2021-01-01,14%,21%,11.06016,50.08869
qandala,2020-09-01,18%,17%,11.06016,50.08869
qandala,2020-01-01,13%,13%,11.06016,50.08869
qandala,2019-08-01,7%,14%,11.06016,50.08869
qandala,2019-01-01,9%,14%,11.06016,50.08869
qandala,2018-07-01,8%,1%,11.06016,50.08869
qandala,2018-01-01,21%,41%,11.06016,50.08869
qandala,2017-07-01,38%,1%,11.06016,50.08869
qandala,2017-01-01,18%,26%,11.06016,50.08869
qardho,2021-01-01,23%,37%,9.502092,49.50765
qardho,2020-09-01,16%,22%,9.502092,49.50765
qardho,2020-01-01,8%,8%,9.502092,49.50765
qardho,2019-08-01,6%,12%,9.502092,49.50765
qardho,2019-01-01,8%,14%,9.502092,49.50765
qardho,2018-07-01,8%,10%,9.502092,49.50765
qardho,2018-01-01,4%,11%,9.502092,49.50765
qardho,2017-07-01,4%,10%,9.502092,49.50765
qardho,2017-01-01,11%,18%,9.502092,49.50765
baydhaba,2021-01-01,17%,30%,3.266359,43.63929
baydhaba,2020-09-01,14%,27%,3.266359,43.63929
baydhaba,2020-01-01,14%,20%,3.266359,43.63929
baydhaba,2019-08-01,19%,34%,3.266359,43.63929
baydhaba,2019-01-01,20%,32%,3.266359,43.63929
baydhaba,2018-07-01,25%,22%,3.266359,43.63929
baydhaba,2018-01-01,6%,24%,3.266359,43.63929
baydhaba,2017-07-01,39%,20%,3.266359,43.63929
baydhaba,2017-01-01,24%,39%,3.266359,43.63929
buur hakaba,2021-01-01,10%,16%,2.485374,44.00688
buur hakaba,2020-09-01,12%,16%,2.485374,44.00688
buur hakaba,2020-01-01,4%,4%,2.485374,44.00688
buur hakaba,2019-08-01,23%,34%,2.485374,44.00688
buur hakaba,2019-01-01,8%,14%,2.485374,44.00688
buur hakaba,2018-07-01,10%,3%,2.485374,44.00688
buur hakaba,2018-01-01,10%,25%,2.485374,44.00688
buur hakaba,2017-07-01,35%,3%,2.485374,44.00688
buur hakaba,2017-01-01,25%,35%,2.485374,44.00688
diinsoor,2021-01-01,13%,20%,2.102024,42.90189
diinsoor,2020-09-01,12%,19%,2.102024,42.90189
diinsoor,2020-01-01,8%,8%,2.102024,42.90189
diinsoor,2019-08-01,20%,30%,2.102024,42.90189
diinsoor,2019-01-01,7%,12%,2.102024,42.90189
diinsoor,2018-07-01,8%,3%,2.102024,42.90189
diinsoor,2018-01-01,9%,27%,2.102024,42.90189
diinsoor,2017-07-01,39%,3%,2.102024,42.90189
diinsoor,2017-01-01,28%,40%,2.102024,42.90189
qansax dheere,2021-01-01,10%,17%,2.81513,42.84011
qansax dheere,2020-09-01,12%,17%,2.81513,42.84011
qansax dheere,2020-01-01,5%,5%,2.81513,42.84011
qansax dheere,2019-08-01,24%,36%,2.81513,42.84011
qansax dheere,2019-01-01,8%,15%,2.81513,42.84011
qansax dheere,2018-07-01,11%,3%,2.81513,42.84011
qansax dheere,2018-01-01,9%,29%,2.81513,42.84011
qansax dheere,2017-07-01,42%,3%,2.81513,42.84011
qansax dheere,2017-01-01,27%,41%,2.81513,42.84011
cabudwaaq,2021-01-01,13%,21%,5.826085,46.125
cabudwaaq,2020-09-01,9%,14%,5.826085,46.125
cabudwaaq,2020-01-01,21%,22%,5.826085,46.125
cabudwaaq,2019-08-01,2%,5%,5.826085,46.125
cabudwaaq,2019-01-01,3%,3%,5.826085,46.125
cabudwaaq,2018-07-01,17%,15%,5.826085,46.125
cabudwaaq,2018-01-01,14%,30%,5.826085,46.125
cabudwaaq,2017-07-01,36%,15%,5.826085,46.125
cabudwaaq,2017-01-01,6%,18%,5.826085,46.125
cadaado,2021-01-01,10%,17%,6.130694,47.03673
cadaado,2020-09-01,8%,13%,6.130694,47.03673
cadaado,2020-01-01,12%,14%,6.130694,47.03673
cadaado,2019-08-01,5%,9%,6.130694,47.03673
cadaado,2019-01-01,6%,8%,6.130694,47.03673
cadaado,2018-07-01,14%,11%,6.130694,47.03673
cadaado,2018-01-01,15%,28%,6.130694,47.03673
cadaado,2017-07-01,33%,11%,6.130694,47.03673
cadaado,2017-01-01,7%,18%,6.130694,47.03673
ceel buur,2021-01-01,11%,20%,4.760488,46.84157
ceel buur,2020-09-01,8%,13%,4.760488,46.84157
ceel buur,2020-01-01,17%,17%,4.760488,46.84157
ceel buur,2019-08-01,8%,11%,4.760488,46.84157
ceel buur,2019-01-01,5%,8%,4.760488,46.84157
ceel buur,2018-07-01,17%,13%,4.760488,46.84157
ceel buur,2018-01-01,14%,27%,4.760488,46.84157
ceel buur,2017-07-01,33%,13%,4.760488,46.84157
ceel buur,2017-01-01,13%,22%,4.760488,46.84157
ceel dheer,2021-01-01,17%,23%,4.051839,47.04732
ceel dheer,2020-09-01,7%,14%,4.051839,47.04732
ceel dheer,2020-01-01,8%,8%,4.051839,47.04732
ceel dheer,2019-08-01,12%,12%,4.051839,47.04732
ceel dheer,2019-01-01,2%,2%,4.051839,47.04732
ceel dheer,2018-07-01,13%,9%,4.051839,47.04732
ceel dheer,2018-01-01,19%,31%,4.051839,47.04732
ceel dheer,2017-07-01,38%,9%,4.051839,47.04732
ceel dheer,2017-01-01,16%,21%,4.051839,47.04732
dhuusamarreeb,2021-01-01,10%,27%,5.441128,46.68405
dhuusamarreeb,2020-09-01,9%,15%,5.441128,46.68405
dhuusamarreeb,2020-01-01,22%,25%,5.441128,46.68405
dhuusamarreeb,2019-08-01,10%,17%,5.441128,46.68405
dhuusamarreeb,2019-01-01,11%,20%,5.441128,46.68405
dhuusamarreeb,2018-07-01,25%,21%,5.441128,46.68405
dhuusamarreeb,2018-01-01,18%,31%,5.441128,46.68405
dhuusamarreeb,2017-07-01,37%,21%,5.441128,46.68405
dhuusamarreeb,2017-01-01,9%,23%,5.441128,46.68405
baardheere,2021-01-01,14%,17%,2.102048,41.70671
baardheere,2020-09-01,9%,12%,2.102048,41.70671
baardheere,2020-01-01,8%,8%,2.102048,41.70671
baardheere,2019-08-01,9%,14%,2.102048,41.70671
baardheere,2019-01-01,2%,2%,2.102048,41.70671
baardheere,2018-07-01,7%,3%,2.102048,41.70671
baardheere,2018-01-01, 0,6%,2.102048,41.70671
baardheere,2017-07-01,21%,3%,2.102048,41.70671
baardheere,2017-01-01,4%,17%,2.102048,41.70671
belet xaawo,2021-01-01,15%,18%,3.435586,41.7337
belet xaawo,2020-09-01,9%,14%,3.435586,41.7337
belet xaawo,2020-01-01,12%,12%,3.435586,41.7337
belet xaawo,2019-08-01,3%,3%,3.435586,41.7337
belet xaawo,2019-01-01, 0, 0,3.435586,41.7337
belet xaawo,2018-07-01,3%, 0,3.435586,41.7337
belet xaawo,2018-01-01, 0,1%,3.435586,41.7337
belet xaawo,2017-07-01,23%, 0,3.435586,41.7337
belet xaawo,2017-01-01,1%,13%,3.435586,41.7337
ceel waaq,2021-01-01,15%,17%,2.678978,41.44526
ceel waaq,2020-09-01,7%,11%,2.678978,41.44526
ceel waaq,2020-01-01,5%,5%,2.678978,41.44526
ceel waaq,2019-08-01,6%,6%,2.678978,41.44526
ceel waaq,2019-01-01, 0, 0,2.678978,41.44526
ceel waaq,2018-07-01,7%, 0,2.678978,41.44526
ceel waaq,2018-01-01, 0, 0,2.678978,41.44526
ceel waaq,2017-07-01,14%, 0,2.678978,41.44526
ceel waaq,2017-01-01,29%,13%,2.678978,41.44526
doolow,2021-01-01,15%,26%,4.002533000000001,42.1408
doolow,2020-09-01,13%,27%,4.002533000000001,42.1408
doolow,2020-01-01,21%,35%,4.002533000000001,42.1408
doolow,2019-08-01,14%,26%,4.002533000000001,42.1408
doolow,2019-01-01,27%,37%,4.002533000000001,42.1408
doolow,2018-07-01,42%,40%,4.002533000000001,42.1408
doolow,2018-01-01, 0,1%,4.002533000000001,42.1408
doolow,2017-07-01,23%,40%,4.002533000000001,42.1408
doolow,2017-01-01,1%,13%,4.002533000000001,42.1408
garbahaarey,2021-01-01,15%,25%,3.205999,42.35913
garbahaarey,2020-09-01,13%,18%,3.205999,42.35913
garbahaarey,2020-01-01,22%,22%,3.205999,42.35913
garbahaarey,2019-08-01,2%,3%,3.205999,42.35913
garbahaarey,2019-01-01, 0, 0,3.205999,42.35913
garbahaarey,2018-07-01,2%,1%,3.205999,42.35913
garbahaarey,2018-01-01, 0,1%,3.205999,42.35913
garbahaarey,2017-07-01,23%,1%,3.205999,42.35913
garbahaarey,2017-01-01,1%,12%,3.205999,42.35913
luuq,2021-01-01,14%,17%,3.792931,42.6976
luuq,2020-09-01,7%,11%,3.792931,42.6976
luuq,2020-01-01,4%,4%,3.792931,42.6976
luuq,2019-08-01,6%,8%,3.792931,42.6976
luuq,2019-01-01,1%,1%,3.792931,42.6976
luuq,2018-07-01,6%,2%,3.792931,42.6976
luuq,2018-01-01, 0,1%,3.792931,42.6976
luuq,2017-07-01,21%,2%,3.792931,42.6976
luuq,2017-01-01,1%,11%,3.792931,42.6976
belet weyne,2021-01-01,13%,22%,4.724339,45.37965
belet weyne,2020-09-01,9%,21%,4.724339,45.37965
belet weyne,2020-01-01,8%,12%,4.724339,45.37965
belet weyne,2019-08-01,20%,27%,4.724339,45.37965
belet weyne,2019-01-01,10%,12%,4.724339,45.37965
belet weyne,2018-07-01,22%,16%,4.724339,45.37965
belet weyne,2018-01-01,24%,30%,4.724339,45.37965
belet weyne,2017-07-01,42%,15%,4.724339,45.37965
belet weyne,2017-01-01,18%,37%,4.724339,45.37965
bulo burto,2021-01-01,12%,15%,3.900063,45.53233
bulo burto,2020-09-01,7%,15%,3.900063,45.53233
bulo burto,2020-01-01,3%,4%,3.900063,45.53233
bulo burto,2019-08-01,18%,22%,3.900063,45.53233
bulo burto,2019-01-01,8%,10%,3.900063,45.53233
bulo burto,2018-07-01,12%,6%,3.900063,45.53233
bulo burto,2018-01-01,25%,27%,3.900063,45.53233
bulo burto,2017-07-01,38%,6%,3.900063,45.53233
bulo burto,2017-01-01,19%,33%,3.900063,45.53233
jalalaqsi,2021-01-01,10%,13%,3.40329,45.61273
jalalaqsi,2020-09-01,5%,13%,3.40329,45.61273
jalalaqsi,2020-01-01,1%,1%,3.40329,45.61273
jalalaqsi,2019-08-01,14%,17%,3.40329,45.61273
jalalaqsi,2019-01-01,6%,8%,3.40329,45.61273
jalalaqsi,2018-07-01,9%,4%,3.40329,45.61273
jalalaqsi,2018-01-01,16%,18%,3.40329,45.61273
jalalaqsi,2017-07-01,33%,4%,3.40329,45.61273
jalalaqsi,2017-01-01,14%,30%,3.40329,45.61273
bu'aale,2021-01-01,14%,15%,1.197985,42.7408
bu'aale,2020-09-01,16%,15%,1.197985,42.7408
bu'aale,2020-01-01,13%,10%,1.197985,42.7408
bu'aale,2019-08-01,13%,19%,1.197985,42.7408
bu'aale,2019-01-01,1%,1%,1.197985,42.7408
bu'aale,2018-07-01,9%,3%,1.197985,42.7408
bu'aale,2018-01-01, 0, 0,1.197985,42.7408
bu'aale,2017-07-01,7%,3%,1.197985,42.7408
bu'aale,2017-01-01,6%,18%,1.197985,42.7408
jilib,2021-01-01,11%,13%,0.6450100000000001,43.05589000000001
jilib,2020-09-01,13%,13%,0.6450100000000001,43.05589000000001
jilib,2020-01-01,10%,8%,0.6450100000000001,43.05589000000001
jilib,2019-08-01,14%,20%,0.6450100000000001,43.05589000000001
jilib,2019-01-01,1%,1%,0.6450100000000001,43.05589000000001
jilib,2018-07-01,8%,3%,0.6450100000000001,43.05589000000001
jilib,2018-01-01,9%,9%,0.6450100000000001,43.05589000000001
jilib,2017-07-01,14%,3%,0.6450100000000001,43.05589000000001
jilib,2017-01-01,8%,20%,0.6450100000000001,43.05589000000001
saakow,2021-01-01,14%,17%,1.628627,42.06274000000001
saakow,2020-09-01,15%,16%,1.628627,42.06274000000001
saakow,2020-01-01,13%,11%,1.628627,42.06274000000001
saakow,2019-08-01,14%,18%,1.628627,42.06274000000001
saakow,2019-01-01,3%,3%,1.628627,42.06274000000001
saakow,2018-07-01,5%,2%,1.628627,42.06274000000001
saakow,2018-01-01, 0,1%,1.628627,42.06274000000001
saakow,2017-07-01,7%,2%,1.628627,42.06274000000001
saakow,2017-01-01,7%,19%,1.628627,42.06274000000001
afmadow,2021-01-01,13%,17%,0.5909003,41.78618
afmadow,2020-09-01,9%,13%,0.5909003,41.78618
afmadow,2020-01-01,6%,6%,0.5909003,41.78618
afmadow,2019-08-01,8%,12%,0.5909003,41.78618
afmadow,2019-01-01,3%,5%,0.5909003,41.78618
afmadow,2018-07-01,5%,4%,0.5909003,41.78618
afmadow,2018-01-01,1%,2%,0.5909003,41.78618
afmadow,2017-07-01,10%,4%,0.5909003,41.78618
afmadow,2017-01-01,6%,13%,0.5909003,41.78618
badhaadhe,2021-01-01,10%,15%,-0.8536984000000001,41.42942
badhaadhe,2020-09-01,7%,9%,-0.8536984000000001,41.42942
badhaadhe,2020-01-01,4%,4%,-0.8536984000000001,41.42942
badhaadhe,2019-08-01,11%,22%,-0.8536984000000001,41.42942
badhaadhe,2019-01-01,1%,1%,-0.8536984000000001,41.42942
badhaadhe,2018-07-01, 0, 0,-0.8536984000000001,41.42942
badhaadhe,2018-01-01,9%,15%,-0.8536984000000001,41.42942
badhaadhe,2017-07-01,15%, 0,-0.8536984000000001,41.42942
badhaadhe,2017-01-01,6%,18%,-0.8536984000000001,41.42942
jamaame,2021-01-01,21%,28%,0.124303,42.80163
jamaame,2020-09-01,13%,18%,0.124303,42.80163
jamaame,2020-01-01,11%,11%,0.124303,42.80163
jamaame,2019-08-01,20%,35%,0.124303,42.80163
jamaame,2019-01-01,2%,2%,0.124303,42.80163
jamaame,2018-07-01,8%,5%,0.124303,42.80163
jamaame,2018-01-01,25%,22%,0.124303,42.80163
jamaame,2017-07-01,28%,5%,0.124303,42.80163
jamaame,2017-01-01,15%,28%,0.124303,42.80163
kismaayo,2021-01-01,22%,28%,-0.3811448,42.00865
kismaayo,2020-09-01,13%,19%,-0.3811448,42.00865
kismaayo,2020-01-01,22%,23%,-0.3811448,42.00865
kismaayo,2019-08-01,20%,35%,-0.3811448,42.00865
kismaayo,2019-01-01,13%,24%,-0.3811448,42.00865
kismaayo,2018-07-01,40%,40%,-0.3811448,42.00865
kismaayo,2018-01-01,17%,18%,-0.3811448,42.00865
kismaayo,2017-07-01,30%,40%,-0.3811448,42.00865
kismaayo,2017-01-01,1%,9%,-0.3811448,42.00865
gaalkacyo,2021-01-01,14%,32%,6.935230000000001,47.68801
gaalkacyo,2020-09-01,12%,20%,6.935230000000001,47.68801
gaalkacyo,2020-01-01,15%,18%,6.935230000000001,47.68801
gaalkacyo,2019-08-01,10%,16%,6.935230000000001,47.68801
gaalkacyo,2019-01-01,10%,14%,6.935230000000001,47.68801
gaalkacyo,2018-07-01,19%,18%,6.935230000000001,47.68801
gaalkacyo,2018-01-01,29%,46%,6.935230000000001,47.68801
gaalkacyo,2017-07-01,58%,18%,6.935230000000001,47.68801
gaalkacyo,2017-01-01,40%,57%,6.935230000000001,47.68801
galdogob,2021-01-01,20%,27%,7.039169,47.22166
galdogob,2020-09-01,10%,15%,7.039169,47.22166
galdogob,2020-01-01,11%,11%,7.039169,47.22166
galdogob,2019-08-01,4%,9%,7.039169,47.22166
galdogob,2019-01-01,6%,6%,7.039169,47.22166
galdogob,2018-07-01,9%,5%,7.039169,47.22166
galdogob,2018-01-01,12%,30%,7.039169,47.22166
galdogob,2017-07-01,34%, 0,7.039169,47.22166
galdogob,2017-01-01,16%,34%,7.039169,47.22166
hobyo,2021-01-01,20%,30%,5.971543,48.20153
hobyo,2020-09-01,11%,16%,5.971543,48.20153
hobyo,2020-01-01,12%,12%,5.971543,48.20153
hobyo,2019-08-01,13%,20%,5.971543,48.20153
hobyo,2019-01-01,9%,14%,5.971543,48.20153
hobyo,2018-07-01,15%,8%,5.971543,48.20153
hobyo,2018-01-01,25%,39%,5.971543,48.20153
hobyo,2017-07-01,50%,8%,5.971543,48.20153
hobyo,2017-01-01,21%,40%,5.971543,48.20153
jariiban,2021-01-01,19%,24%,7.163778999999999,48.9986
jariiban,2020-09-01,10%,17%,7.163778999999999,48.9986
jariiban,2020-01-01,12%,12%,7.163778999999999,48.9986
jariiban,2019-08-01,9%,11%,7.163778999999999,48.9986
jariiban,2019-01-01,7%,10%,7.163778999999999,48.9986
jariiban,2018-07-01,13%,8%,7.163778999999999,48.9986
jariiban,2018-01-01,20%,35%,7.163778999999999,48.9986
jariiban,2017-07-01,38%,8%,7.163778999999999,48.9986
jariiban,2017-01-01,18%,37%,7.163778999999999,48.9986
xarardheere,2021-01-01,25%,29%,4.793407,47.83268
xarardheere,2020-09-01,9%,15%,4.793407,47.83268
xarardheere,2020-01-01,1%,1%,4.793407,47.83268
xarardheere,2019-08-01,4%,6%,4.793407,47.83268
xarardheere,2019-01-01,1%,1%,4.793407,47.83268
xarardheere,2018-07-01,3%,1%,4.793407,47.83268
xarardheere,2018-01-01,9%,18%,4.793407,47.83268
xarardheere,2017-07-01,25%, 0,4.793407,47.83268
xarardheere,2017-01-01,16%,23%,4.793407,47.83268
burtinle,2021-01-01,20%,25%,7.802199000000001,48.39912
burtinle,2020-09-01,15%,18%,7.802199000000001,48.39912
burtinle,2020-01-01,9%,9%,7.802199000000001,48.39912
burtinle,2019-08-01,3%,7%,7.802199000000001,48.39912
burtinle,2019-01-01,5%,5%,7.802199000000001,48.39912
burtinle,2018-07-01,7%,4%,7.802199000000001,48.39912
burtinle,2018-01-01,8%,22%,7.802199000000001,48.39912
burtinle,2017-07-01,22%, 0,7.802199000000001,48.39912
burtinle,2017-01-01,8%,28%,7.802199000000001,48.39912
eyl,2021-01-01,23%,30%,8.094348,49.56446
eyl,2020-09-01,15%,18%,8.094348,49.56446
eyl,2020-01-01,14%,10%,8.094348,49.56446
eyl,2019-08-01,8%,14%,8.094348,49.56446
eyl,2019-01-01,10%,12%,8.094348,49.56446
eyl,2018-07-01,9%,10%,8.094348,49.56446
eyl,2018-01-01,17%,36%,8.094348,49.56446
eyl,2017-07-01,26%, 0,8.094348,49.56446
eyl,2017-01-01,21%,35%,8.094348,49.56446
garoowe,2021-01-01,21%,30%,8.470396000000001,48.78639
garoowe,2020-09-01,17%,21%,8.470396000000001,48.78639
garoowe,2020-01-01,11%,13%,8.470396000000001,48.78639
garoowe,2019-08-01,6%,13%,8.470396000000001,48.78639
garoowe,2019-01-01,8%,10%,8.470396000000001,48.78639
garoowe,2018-07-01,6%,8%,8.470396000000001,48.78639
garoowe,2018-01-01,8%,24%,8.470396000000001,48.78639
garoowe,2017-07-01,13%,8%,8.470396000000001,48.78639
garoowe,2017-01-01,19%,26%,8.470396000000001,48.78639
ceel afweyn,2021-01-01,23%,40%,10.14797,46.68845
ceel afweyn,2020-09-01,15%,21%,10.14797,46.68845
ceel afweyn,2020-01-01,8%,9%,10.14797,46.68845
ceel afweyn,2019-08-01,15%,25%,10.14797,46.68845
ceel afweyn,2019-01-01,16%,22%,10.14797,46.68845
ceel afweyn,2018-07-01,15%,16%,10.14797,46.68845
ceel afweyn,2018-01-01,27%,41%,10.14797,46.68845
ceel afweyn,2017-07-01,38%,16%,10.14797,46.68845
ceel afweyn,2017-01-01,21%,24%,10.14797,46.68845
ceerigaabo,2021-01-01,24%,37%,10.29076,47.8071
ceerigaabo,2020-09-01,17%,23%,10.29076,47.8071
ceerigaabo,2020-01-01,8%,9%,10.29076,47.8071
ceerigaabo,2019-08-01,16%,24%,10.29076,47.8071
ceerigaabo,2019-01-01,14%,20%,10.29076,47.8071
ceerigaabo,2018-07-01,14%,14%,10.29076,47.8071
ceerigaabo,2018-01-01,24%,39%,10.29076,47.8071
ceerigaabo,2017-07-01,34%,14%,10.29076,47.8071
ceerigaabo,2017-01-01,17%,19%,10.29076,47.8071
laasqoray,2021-01-01,22%,39%,10.53805,48.69515999999999
laasqoray,2020-09-01,15%,22%,10.53805,48.69515999999999
laasqoray,2020-01-01,8%,8%,10.53805,48.69515999999999
laasqoray,2019-08-01,15%,26%,10.53805,48.69515999999999
laasqoray,2019-01-01,14%,23%,10.53805,48.69515999999999
laasqoray,2018-07-01,15%,18%,10.53805,48.69515999999999
laasqoray,2018-01-01,33%,47%,10.53805,48.69515999999999
laasqoray,2017-07-01,35%,18%,10.53805,48.69515999999999
laasqoray,2017-01-01,18%,18%,10.53805,48.69515999999999
adan yabaal,2021-01-01,10%,13%,3.549436,46.54467
adan yabaal,2020-09-01,1%,2%,3.549436,46.54467
adan yabaal,2020-01-01, 0, 0,3.549436,46.54467
adan yabaal,2019-08-01,4%,4%,3.549436,46.54467
adan yabaal,2019-01-01,4%,4%,3.549436,46.54467
adan yabaal,2018-07-01, 0, 0,3.549436,46.54467
adan yabaal,2018-01-01, 0, 0,3.549436,46.54467
adan yabaal,2017-07-01,18%, 0,3.549436,46.54467
adan yabaal,2017-01-01,4%,13%,3.549436,46.54467
balcad,2021-01-01,13%,20%,2.488555,45.65908
balcad,2020-09-01,8%,11%,2.488555,45.65908
balcad,2020-01-01,3%,6%,2.488555,45.65908
balcad,2019-08-01,7%,13%,2.488555,45.65908
balcad,2019-01-01,2%,2%,2.488555,45.65908
balcad,2018-07-01,3%,1%,2.488555,45.65908
balcad,2018-01-01, 0, 0,2.488555,45.65908
balcad,2017-07-01,14%,1%,2.488555,45.65908
balcad,2017-01-01,6%,16%,2.488555,45.65908
cadale,2021-01-01,10%,13%,3.091515,46.26282
cadale,2020-09-01,1%,2%,3.091515,46.26282
cadale,2020-01-01, 0, 0,3.091515,46.26282
cadale,2019-08-01,4%,4%,3.091515,46.26282
cadale,2019-01-01,4%,4%,3.091515,46.26282
cadale,2018-07-01, 0, 0,3.091515,46.26282
cadale,2018-01-01, 0, 0,3.091515,46.26282
cadale,2017-07-01,17%, 0,3.091515,46.26282
cadale,2017-01-01,4%,13%,3.091515,46.26282
jowhar,2021-01-01,13%,22%,2.993369,45.56808
jowhar,2020-09-01,10%,15%,2.993369,45.56808
jowhar,2020-01-01,4%,7%,2.993369,45.56808
jowhar,2019-08-01,4%,9%,2.993369,45.56808
jowhar,2019-01-01,1%,1%,2.993369,45.56808
jowhar,2018-07-01,3%,2%,2.993369,45.56808
jowhar,2018-01-01, 0, 0,2.993369,45.56808
jowhar,2017-07-01,7%,2%,2.993369,45.56808
jowhar,2017-01-01,3%,11%,2.993369,45.56808
afgooye,2021-01-01,10%,17%,2.236402,45.07666
afgooye,2020-09-01,10%,14%,2.236402,45.07666
afgooye,2020-01-01,6%,6%,2.236402,45.07666
afgooye,2019-08-01,6%,12%,2.236402,45.07666
afgooye,2019-01-01,1%,1%,2.236402,45.07666
afgooye,2018-07-01, 0, 0,2.236402,45.07666
afgooye,2018-01-01, 0,3%,2.236402,45.07666
afgooye,2017-07-01,9%, 0,2.236402,45.07666
afgooye,2017-01-01,1%,11%,2.236402,45.07666
baraawe,2021-01-01,6%,10%,1.10831,43.84067
baraawe,2020-09-01,8%,11%,1.10831,43.84067
baraawe,2020-01-01,4%,4%,1.10831,43.84067
baraawe,2019-08-01, 0,1%,1.10831,43.84067
baraawe,2019-01-01, 0, 0,1.10831,43.84067
baraawe,2018-07-01, 0, 0,1.10831,43.84067
baraawe,2018-01-01,29%,30%,1.10831,43.84067
baraawe,2017-07-01,30%, 0,1.10831,43.84067
baraawe,2017-01-01,16%,29%,1.10831,43.84067
kurtunwaarey,2021-01-01,9%,12%,1.674606,44.06695
kurtunwaarey,2020-09-01,5%,6%,1.674606,44.06695
kurtunwaarey,2020-01-01,2%,2%,1.674606,44.06695
kurtunwaarey,2019-08-01,7%,15%,1.674606,44.06695
kurtunwaarey,2019-01-01,4%,4%,1.674606,44.06695
kurtunwaarey,2018-07-01, 0, 0,1.674606,44.06695
kurtunwaarey,2018-01-01,18%,23%,1.674606,44.06695
kurtunwaarey,2017-07-01,17%, 0,1.674606,44.06695
kurtunwaarey,2017-01-01,9%,23%,1.674606,44.06695
marka,2021-01-01,9%,15%,1.740153,44.71787
marka,2020-09-01,8%,12%,1.740153,44.71787
marka,2020-01-01,6%,6%,1.740153,44.71787
marka,2019-08-01,5%,11%,1.740153,44.71787
marka,2019-01-01,3%,3%,1.740153,44.71787
marka,2018-07-01, 0, 0,1.740153,44.71787
marka,2018-01-01,3%,6%,1.740153,44.71787
marka,2017-07-01,17%, 0,1.740153,44.71787
marka,2017-01-01,6%,18%,1.740153,44.71787
qoryooley,2021-01-01,8%,13%,1.934555,44.44943
qoryooley,2020-09-01,6%,7%,1.934555,44.44943
qoryooley,2020-01-01,2%,2%,1.934555,44.44943
qoryooley,2019-08-01,7%,15%,1.934555,44.44943
qoryooley,2019-01-01,3%,3%,1.934555,44.44943
qoryooley,2018-07-01, 0, 0,1.934555,44.44943
qoryooley,2018-01-01,9%,15%,1.934555,44.44943
qoryooley,2017-07-01,12%, 0,1.934555,44.44943
qoryooley,2017-01-01,5%,16%,1.934555,44.44943
sablaale,2021-01-01,7%,12%,1.383262,43.52054
sablaale,2020-09-01,7%,9%,1.383262,43.52054
sablaale,2020-01-01,4%,4%,1.383262,43.52054
sablaale,2019-08-01,5%,12%,1.383262,43.52054
sablaale,2019-01-01,3%,3%,1.383262,43.52054
sablaale,2018-07-01, 0, 0,1.383262,43.52054
sablaale,2018-01-01,11%,18%,1.383262,43.52054
sablaale,2017-07-01,13%, 0,1.383262,43.52054
sablaale,2017-01-01,6%,15%,1.383262,43.52054
wanla weyn,2021-01-01,7%,12%,2.791644,44.90647
wanla weyn,2020-09-01,6%,9%,2.791644,44.90647
wanla weyn,2020-01-01,1%,1%,2.791644,44.90647
wanla weyn,2019-08-01,5%,9%,2.791644,44.90647
wanla weyn,2019-01-01, 0, 0,2.791644,44.90647
wanla weyn,2018-07-01, 0, 0,2.791644,44.90647
wanla weyn,2018-01-01, 0,3%,2.791644,44.90647
wanla weyn,2017-07-01,6%, 0,2.791644,44.90647
wanla weyn,2017-01-01,21%,6%,2.791644,44.90647
caynabo,2021-01-01,17%,33%,9.282376,46.49009
caynabo,2020-09-01,13%,20%,9.282376,46.49009
caynabo,2020-01-01,7%,7%,9.282376,46.49009
caynabo,2019-08-01,31%,50%,9.282376,46.49009
caynabo,2019-01-01,32%,36%,9.282376,46.49009
caynabo,2018-07-01,44%,43%,9.282376,46.49009
caynabo,2018-01-01,31%,43%,9.282376,46.49009
caynabo,2017-07-01,43%,43%,9.282376,46.49009
caynabo,2017-01-01,25%,31%,9.282376,46.49009
laas caanood,2021-01-01,18%,35%,8.438008,47.63642
laas caanood,2020-09-01,9%,20%,8.438008,47.63642
laas caanood,2020-01-01,8%,12%,8.438008,47.63642
laas caanood,2019-08-01,21%,36%,8.438008,47.63642
laas caanood,2019-01-01,16%,27%,8.438008,47.63642
laas caanood,2018-07-01,41%,38%,8.438008,47.63642
laas caanood,2018-01-01,26%,36%,8.438008,47.63642
laas caanood,2017-07-01,39%,38%,8.438008,47.63642
laas caanood,2017-01-01,14%,26%,8.438008,47.63642
taleex,2021-01-01,17%,34%,9.179458,48.54122
taleex,2020-09-01,14%,21%,9.179458,48.54122
taleex,2020-01-01,7%,7%,9.179458,48.54122
taleex,2019-08-01,31%,51%,9.179458,48.54122
taleex,2019-01-01,31%,36%,9.179458,48.54122
taleex,2018-07-01,44%,45%,9.179458,48.54122
taleex,2018-01-01,37%,49%,9.179458,48.54122
taleex,2017-07-01,39%,45%,9.179458,48.54122
taleex,2017-01-01,35%,37%,9.179458,48.54122
xudun,2021-01-01,18%,37%,9.141643,47.50747
xudun,2020-09-01,14%,24%,9.141643,47.50747
xudun,2020-01-01,7%,7%,9.141643,47.50747
xudun,2019-08-01,38%,58%,9.141643,47.50747
xudun,2019-01-01,38%,40%,9.141643,47.50747
xudun,2018-07-01,54%,54%,9.141643,47.50747
xudun,2018-01-01,34%,46%,9.141643,47.50747
xudun,2017-07-01,46%,54%,9.141643,47.50747
xudun,2017-01-01,30%,34%,9.141643,47.50747
burco,2021-01-01,20%,27%,9.141337,45.75868
burco,2020-09-01,6%,14%,9.141337,45.75868
burco,2020-01-01,18%,16%,9.141337,45.75868
burco,2019-08-01,12%,15%,9.141337,45.75868
burco,2019-01-01,15%,18%,9.141337,45.75868
burco,2018-07-01,12%,11%,9.141337,45.75868
burco,2018-01-01,5%,14%,9.141337,45.75868
burco,2017-07-01,23%,10%,9.141337,45.75868
burco,2017-01-01,2%,13%,9.141337,45.75868
buuhoodle,2021-01-01,18%,26%,8.460162,46.66129
buuhoodle,2020-09-01,6%,14%,8.460162,46.66129
buuhoodle,2020-01-01,14%,10%,8.460162,46.66129
buuhoodle,2019-08-01,12%,18%,8.460162,46.66129
buuhoodle,2019-01-01,12%,17%,8.460162,46.66129
buuhoodle,2018-07-01,7%,4%,8.460162,46.66129
buuhoodle,2018-01-01,17%,25%,8.460162,46.66129
buuhoodle,2017-07-01,37%,4%,8.460162,46.66129
buuhoodle,2017-01-01,6%,25%,8.460162,46.66129
owdweyne,2021-01-01,16%,20%,9.257388,45.01097
owdweyne,2020-09-01,8%,14%,9.257388,45.01097
owdweyne,2020-01-01,12%,9%,9.257388,45.01097
owdweyne,2019-08-01,11%,18%,9.257388,45.01097
owdweyne,2019-01-01,13%,19%,9.257388,45.01097
owdweyne,2018-07-01,10%,5%,9.257388,45.01097
owdweyne,2018-01-01,30%,34%,9.257388,45.01097
owdweyne,2017-07-01,46%,5%,9.257388,45.01097
owdweyne,2017-01-01,11%,34%,9.257388,45.01097
sheikh,2021-01-01,18%,21%,9.992453,45.42914
sheikh,2020-09-01,8%,11%,9.992453,45.42914
sheikh,2020-01-01,12%,7%,9.992453,45.42914
sheikh,2019-08-01,13%,15%,9.992453,45.42914
sheikh,2019-01-01,14%,15%,9.992453,45.42914
sheikh,2018-07-01,5%,1%,9.992453,45.42914
sheikh,2018-01-01,7%,16%,9.992453,45.42914
sheikh,2017-07-01,26%,1%,9.992453,45.42914
sheikh,2017-01-01,1%,12%,9.992453,45.42914
berbera,2021-01-01,14%,22%,10.35884,45.28606
berbera,2020-09-01,13%,19%,10.35884,45.28606
berbera,2020-01-01,9%,10%,10.35884,45.28606
berbera,2019-08-01,10%,20%,10.35884,45.28606
berbera,2019-01-01,20%,21%,10.35884,45.28606
berbera,2018-07-01,22%,18%,10.35884,45.28606
berbera,2018-01-01,17%,31%,10.35884,45.28606
berbera,2017-07-01,17%,18%,10.35884,45.28606
berbera,2017-01-01,10%,13%,10.35884,45.28606
gebiley,2021-01-01,11%,16%,9.859568,43.68093
gebiley,2020-09-01,10%,15%,9.859568,43.68093
gebiley,2020-01-01,7%,7%,9.859568,43.68093
gebiley,2019-08-01,6%,17%,9.859568,43.68093
gebiley,2019-01-01,9%,17%,9.859568,43.68093
gebiley,2018-07-01,22%,12%,9.859568,43.68093
gebiley,2018-01-01,13%,22%,9.859568,43.68093
gebiley,2017-07-01,15%,12%,9.859568,43.68093
gebiley,2017-01-01,30%,9%,9.859568,43.68093
hargeysa,2021-01-01,12%,19%,9.521626,44.28073
hargeysa,2020-09-01,10%,17%,9.521626,44.28073
hargeysa,2020-01-01,11%,12%,9.521626,44.28073
hargeysa,2019-08-01,4%,15%,9.521626,44.28073
hargeysa,2019-01-01,12%,16%,9.521626,44.28073
hargeysa,2018-07-01,23%,13%,9.521626,44.28073
hargeysa,2018-01-01,14%,23%,9.521626,44.28073
hargeysa,2017-07-01,8%,13%,9.521626,44.28073
hargeysa,2017-01-01,2%,6%,9.521626,44.28073
Awdal,2022-05-01,20%,25%,10.574368816197197,43.37657147593373
Awdal,2022-01-01,8%,19%,10.574368816197197,43.37657147593373
Bakool,2022-05-01,48%,61%,4.209405527387538,43.952281316643074
Bakool,2022-01-01,21%,31%,4.209405527387538,43.952281316643074
Banadir,2022-05-01,23%,37%,2.10718120273786,45.426840578784855
Banadir,2022-01-01,9%,19%,2.10718120273786,45.426840578784855
Bari,2022-05-01,24%,31%,10.21918985803262,50.04935936872794
Bari,2022-01-01,14%,17%,10.21918985803262,50.04935936872794
Bay,2022-05-01,52%,69%,2.654620030167837,43.567374536260566
Bay,2022-01-01,18%,31%,2.654620030167837,43.567374536260566
Galgaduud,2022-05-01,37%,53%,5.1016634393628495,46.77987019453514
Galgaduud,2022-01-01,22%,32%,5.1016634393628495,46.77987019453514
Gedo,2022-05-01,44%,50%,2.8968701535588144,41.98182853531099
Gedo,2022-01-01,13%,29%,2.8968701535588144,41.98182853531099
Hiraan,2022-05-01,33%,47%,4.214724371063452,45.472977431408
Hiraan,2022-01-01,15%,26%,4.214724371063452,45.472977431408
Middle Juba,2022-05-01,41%,53%,1.2278588997191389,42.538564944723205
Middle Juba,2022-01-01,21%,34%,1.2278588997191389,42.538564944723205
Lower Juba,2022-05-01,23%,33%,0.0888773998357538,41.8021686205059
Lower Juba,2022-01-01,23%,36%,0.0888773998357538,41.8021686205059
Mudug,2022-05-01,41%,52%,6.376030897166005,48.1544498345412
Mudug,2022-01-01,22%,35%,6.376030897166005,48.1544498345412
Nugaal,2022-05-01,31%,39%,8.108444337381584,48.91371123187246
Nugaal,2022-01-01,20%,35%,8.108444337381584,48.91371123187246
Sanaag,2022-05-01,43%,58%,10.304454152601634,47.682934016211576
Sanaag,2022-01-01,24%,37%,10.304454152601634,47.682934016211576
Middle Shabelle,2022-05-01,39%,54%,3.0273995832416523,46.014202407952105
Middle Shabelle,2022-01-01,10%,21%,3.0273995832416523,46.014202407952105
Lower Shabelle,2022-05-01,39%,46%,1.903131591138137,44.32753213803674
Lower Shabelle,2022-01-01,8%,14%,1.903131591138137,44.32753213803674
Sool,2022-05-01,42%,52%,8.96310793976819,47.56518455925344
Sool,2022-01-01,21%,36%,8.96310793976819,47.56518455925344
Togdheer,2022-05-01,31%,40%,9.108489950453642,45.7262841403685
Togdheer,2022-01-01,14%,23%,9.108489950453642,45.7262841403685
Woqooyi Galbeed,2022-05-01,28%,38%,9.877530578072625,44.55536496855601
Woqooyi Galbeed,2022-01-01,8%,20%,9.877530578072625,44.55536496855601
