area,hum_assistance,date
banadir,0.0,2018-10-01
borama,0.1794800696328876,2018-10-01
baki,0.24143577907935423,2018-10-01
lughaye,0.9840931023310745,2018-10-01
zeylac,0.8040311201856124,2018-10-01
hargeysa,0.0,2018-10-01
berbera,0.36027934317705596,2018-10-01
gebiley,0.0,2018-10-01
burco,0.0005548219864843554,2018-10-01
buuhoodle,0.0020343034148593768,2018-10-01
owdweyne,0.0,2018-10-01
sheikh,0.0,2018-10-01
laas caanood,0.6975441815499648,2018-10-01
caynabo,0.8874437948070446,2018-10-01
taleex,0.9993022587040905,2018-10-01
xudun,1.0,2018-10-01
ceerigaabo,0.6899695244027351,2018-10-01
ceel afweyn,0.40942489182611147,2018-10-01
laasqoray,0.5093930741213106,2018-10-01
bossaso,0.0,2018-10-01
bandarbeyla,0.0,2018-10-01
caluula,0.0,2018-10-01
iskushuban,0.0,2018-10-01
qandala,0.0,2018-10-01
qardho,0.0,2018-10-01
garoowe,0.00025001244647753347,2018-10-01
burtinle,0.0,2018-10-01
eyl,0.0,2018-10-01
gaalkacyo,0.0,2018-10-01
galdogob,0.0,2018-10-01
hobyo,0.0,2018-10-01
jariiban,0.0,2018-10-01
xarardheere,0.0,2018-10-01
dhuusamarreeb,0.0,2018-10-01
cabudwaaq,0.0,2018-10-01
cadaado,0.0,2018-10-01
ceel buur,0.0,2018-10-01
ceel dheer,0.0,2018-10-01
belet weyne,0.0,2018-10-01
bulo burto,0.0,2018-10-01
jalalaqsi,0.0,2018-10-01
jowhar,0.0,2018-10-01
adan yabaal,0.0,2018-10-01
balcad,0.0,2018-10-01
cadale,0.0,2018-10-01
marka,0.0,2018-10-01
afgooye,0.0,2018-10-01
baraawe,0.0,2018-10-01
kurtunwaarey,0.0,2018-10-01
qoryooley,0.0,2018-10-01
sablaale,0.0,2018-10-01
wanla weyn,0.0,2018-10-01
baydhaba,0.0,2018-10-01
buur hakaba,0.0,2018-10-01
diinsoor,0.0,2018-10-01
qansax dheere,0.0,2018-10-01
xudur,0.0,2018-10-01
ceel barde,0.0,2018-10-01
tayeeglow,0.0,2018-10-01
waajid,0.0,2018-10-01
rab dhuure,0.0,2018-10-01
garbahaarey,0.0,2018-10-01
baardheere,0.0,2018-10-01
belet xaawo,0.0,2018-10-01
ceel waaq,0.0,2018-10-01
doolow,0.0,2018-10-01
luuq,0.0,2018-10-01
bu'aale,0.0,2018-10-01
jilib,0.0,2018-10-01
saakow,0.0,2018-10-01
kismaayo,0.0,2018-10-01
afmadow,0.0,2018-10-01
badhaadhe,0.0,2018-10-01
jamaame,0.0,2018-10-01
banadir,0.0,2014-01-01
borama,0.0,2014-01-01
baki,0.0,2014-01-01
lughaye,0.0,2014-01-01
zeylac,0.00018623786464445997,2014-01-01
hargeysa,0.0,2014-01-01
berbera,0.0,2014-01-01
gebiley,0.0,2014-01-01
burco,0.0,2014-01-01
buuhoodle,0.0,2014-01-01
owdweyne,0.0,2014-01-01
sheikh,0.0,2014-01-01
laas caanood,1.675469191071207e-05,2014-01-01
caynabo,0.0,2014-01-01
taleex,2.7640318638240877e-05,2014-01-01
xudun,0.0,2014-01-01
ceerigaabo,0.0,2014-01-01
ceel afweyn,0.0,2014-01-01
laasqoray,0.0,2014-01-01
bossaso,0.0,2014-01-01
bandarbeyla,0.9993372548918594,2014-01-01
caluula,0.0,2014-01-01
iskushuban,0.0,2014-01-01
qandala,0.0,2014-01-01
qardho,0.0008661254973354083,2014-01-01
garoowe,0.8087019067414294,2014-01-01
burtinle,0.0002146970489669245,2014-01-01
eyl,0.9987609322142591,2014-01-01
gaalkacyo,0.0,2014-01-01
galdogob,0.0,2014-01-01
hobyo,0.0,2014-01-01
jariiban,0.0011331844528187955,2014-01-01
xarardheere,0.0,2014-01-01
dhuusamarreeb,0.0,2014-01-01
cabudwaaq,0.0,2014-01-01
cadaado,0.0,2014-01-01
ceel buur,0.0,2014-01-01
ceel dheer,0.0,2014-01-01
belet weyne,0.0,2014-01-01
bulo burto,0.0,2014-01-01
jalalaqsi,0.0,2014-01-01
jowhar,0.0,2014-01-01
adan yabaal,0.0,2014-01-01
balcad,0.0,2014-01-01
cadale,0.0,2014-01-01
marka,0.0,2014-01-01
afgooye,0.0,2014-01-01
baraawe,0.0,2014-01-01
kurtunwaarey,0.0,2014-01-01
qoryooley,0.0,2014-01-01
sablaale,0.0,2014-01-01
wanla weyn,0.0,2014-01-01
baydhaba,0.0,2014-01-01
buur hakaba,0.0,2014-01-01
diinsoor,0.0,2014-01-01
qansax dheere,0.0,2014-01-01
xudur,0.0,2014-01-01
ceel barde,0.0,2014-01-01
tayeeglow,0.0,2014-01-01
waajid,0.0,2014-01-01
rab dhuure,0.0,2014-01-01
garbahaarey,0.0,2014-01-01
baardheere,0.0,2014-01-01
belet xaawo,0.0,2014-01-01
ceel waaq,0.0,2014-01-01
doolow,0.0,2014-01-01
luuq,0.0,2014-01-01
bu'aale,0.0,2014-01-01
jilib,0.0,2014-01-01
saakow,0.0,2014-01-01
kismaayo,0.0,2014-01-01
afmadow,0.0,2014-01-01
badhaadhe,0.0,2014-01-01
jamaame,0.0,2014-01-01
banadir,0.0,2021-06-01
borama,0.0,2021-06-01
baki,0.0,2021-06-01
lughaye,0.0,2021-06-01
zeylac,0.0,2021-06-01
hargeysa,0.0,2021-06-01
berbera,0.0,2021-06-01
gebiley,0.0,2021-06-01
burco,0.000554821986449134,2021-06-01
buuhoodle,0.002034303414465216,2021-06-01
owdweyne,0.0,2021-06-01
sheikh,0.0,2021-06-01
laas caanood,0.6975441815333464,2021-06-01
caynabo,0.8874437948070547,2021-06-01
taleex,0.9986854859761314,2021-06-01
xudun,1.0,2021-06-01
ceerigaabo,0.689326426422425,2021-06-01
ceel afweyn,0.36678899736874465,2021-06-01
laasqoray,0.0,2021-06-01
bossaso,0.0,2021-06-01
bandarbeyla,0.0,2021-06-01
caluula,0.0,2021-06-01
iskushuban,0.0,2021-06-01
qandala,0.0,2021-06-01
qardho,0.0,2021-06-01
garoowe,0.00025001244647276423,2021-06-01
burtinle,0.0,2021-06-01
eyl,0.0,2021-06-01
gaalkacyo,0.0,2021-06-01
galdogob,0.0,2021-06-01
hobyo,0.0,2021-06-01
jariiban,0.0,2021-06-01
xarardheere,0.0,2021-06-01
dhuusamarreeb,0.0,2021-06-01
cabudwaaq,0.0,2021-06-01
cadaado,0.0,2021-06-01
ceel buur,0.0,2021-06-01
ceel dheer,0.0,2021-06-01
belet weyne,0.0,2021-06-01
bulo burto,0.0,2021-06-01
jalalaqsi,0.0,2021-06-01
jowhar,0.0,2021-06-01
adan yabaal,0.0,2021-06-01
balcad,0.0,2021-06-01
cadale,0.0,2021-06-01
marka,0.0,2021-06-01
afgooye,0.0,2021-06-01
baraawe,0.0,2021-06-01
kurtunwaarey,0.0,2021-06-01
qoryooley,0.0,2021-06-01
sablaale,0.0,2021-06-01
wanla weyn,0.0,2021-06-01
baydhaba,0.0,2021-06-01
buur hakaba,0.0,2021-06-01
diinsoor,0.0,2021-06-01
qansax dheere,0.0,2021-06-01
xudur,0.0,2021-06-01
ceel barde,0.0,2021-06-01
tayeeglow,0.0,2021-06-01
waajid,0.0,2021-06-01
rab dhuure,0.0,2021-06-01
garbahaarey,0.0,2021-06-01
baardheere,0.0,2021-06-01
belet xaawo,0.0,2021-06-01
ceel waaq,0.0,2021-06-01
doolow,0.0,2021-06-01
luuq,0.0,2021-06-01
bu'aale,0.0,2021-06-01
jilib,0.0,2021-06-01
saakow,0.0,2021-06-01
kismaayo,0.0,2021-06-01
afmadow,0.0,2021-06-01
badhaadhe,0.0,2021-06-01
jamaame,0.0,2021-06-01
banadir,0.0,2015-01-01
borama,0.0,2015-01-01
baki,0.0,2015-01-01
lughaye,0.0,2015-01-01
zeylac,0.00018623786464445997,2015-01-01
hargeysa,0.0,2015-01-01
berbera,0.0,2015-01-01
gebiley,0.0,2015-01-01
burco,0.0,2015-01-01
buuhoodle,0.0,2015-01-01
owdweyne,0.0,2015-01-01
sheikh,0.0,2015-01-01
laas caanood,0.0,2015-01-01
caynabo,0.0,2015-01-01
taleex,0.0,2015-01-01
xudun,0.0,2015-01-01
ceerigaabo,0.0,2015-01-01
ceel afweyn,0.0,2015-01-01
laasqoray,0.0,2015-01-01
bossaso,0.0,2015-01-01
bandarbeyla,0.0,2015-01-01
caluula,0.0,2015-01-01
iskushuban,0.0,2015-01-01
qandala,0.0,2015-01-01
qardho,0.0,2015-01-01
garoowe,0.0,2015-01-01
burtinle,0.0,2015-01-01
eyl,0.0,2015-01-01
gaalkacyo,0.0,2015-01-01
galdogob,0.0,2015-01-01
hobyo,0.11271827006993841,2015-01-01
jariiban,0.0,2015-01-01
xarardheere,0.34070607008183146,2015-01-01
dhuusamarreeb,0.0,2015-01-01
cabudwaaq,0.0,2015-01-01
cadaado,0.0,2015-01-01
ceel buur,0.0,2015-01-01
ceel dheer,0.24764763511949212,2015-01-01
belet weyne,0.06545394046893617,2015-01-01
bulo burto,0.09380966198497344,2015-01-01
jalalaqsi,0.1618369188754474,2015-01-01
jowhar,0.09271392457958112,2015-01-01
adan yabaal,0.0008598984735918294,2015-01-01
balcad,0.0004069170575531626,2015-01-01
cadale,0.0,2015-01-01
marka,0.0,2015-01-01
afgooye,0.0,2015-01-01
baraawe,0.0,2015-01-01
kurtunwaarey,0.0,2015-01-01
qoryooley,0.0,2015-01-01
sablaale,0.0,2015-01-01
wanla weyn,0.0,2015-01-01
baydhaba,0.0,2015-01-01
buur hakaba,0.0,2015-01-01
diinsoor,0.0,2015-01-01
qansax dheere,0.0,2015-01-01
xudur,0.0,2015-01-01
ceel barde,0.0,2015-01-01
tayeeglow,0.0,2015-01-01
waajid,0.0,2015-01-01
rab dhuure,0.0,2015-01-01
garbahaarey,0.0,2015-01-01
baardheere,0.0,2015-01-01
belet xaawo,0.0,2015-01-01
ceel waaq,0.0,2015-01-01
doolow,0.2981782858420844,2015-01-01
luuq,0.0,2015-01-01
bu'aale,0.0,2015-01-01
jilib,0.0,2015-01-01
saakow,0.0,2015-01-01
kismaayo,0.0,2015-01-01
afmadow,0.0,2015-01-01
badhaadhe,0.0,2015-01-01
jamaame,0.0,2015-01-01
banadir,0.982541779499261,2012-04-01
borama,0.0016914652050442308,2012-04-01
baki,0.2405637501762174,2012-04-01
lughaye,0.9605454180798648,2012-04-01
zeylac,0.7159796207637223,2012-04-01
hargeysa,0.0008232401827758493,2012-04-01
berbera,0.0007986259729607587,2012-04-01
gebiley,0.0,2012-04-01
burco,0.9999106277293498,2012-04-01
buuhoodle,0.9999983836174079,2012-04-01
owdweyne,0.999791865557606,2012-04-01
sheikh,0.28029709511901496,2012-04-01
laas caanood,1.0,2012-04-01
caynabo,1.0,2012-04-01
taleex,1.0,2012-04-01
xudun,1.0,2012-04-01
ceerigaabo,1.0,2012-04-01
ceel afweyn,1.0,2012-04-01
laasqoray,1.0,2012-04-01
bossaso,1.0,2012-04-01
bandarbeyla,1.0,2012-04-01
caluula,1.0,2012-04-01
iskushuban,1.0,2012-04-01
qandala,1.0,2012-04-01
qardho,1.0,2012-04-01
garoowe,1.0,2012-04-01
burtinle,1.0,2012-04-01
eyl,1.0,2012-04-01
gaalkacyo,1.0,2012-04-01
galdogob,1.0,2012-04-01
hobyo,1.0,2012-04-01
jariiban,1.0,2012-04-01
xarardheere,0.002677978383206106,2012-04-01
dhuusamarreeb,1.0,2012-04-01
cabudwaaq,1.0,2012-04-01
cadaado,1.0,2012-04-01
ceel buur,0.0016252437070869413,2012-04-01
ceel dheer,0.0,2012-04-01
belet weyne,0.4857863670111879,2012-04-01
bulo burto,0.0004127311215406424,2012-04-01
jalalaqsi,0.0,2012-04-01
jowhar,0.0,2012-04-01
adan yabaal,0.0,2012-04-01
balcad,0.0,2012-04-01
cadale,0.0,2012-04-01
marka,0.0,2012-04-01
afgooye,0.03079128273123707,2012-04-01
baraawe,0.0,2012-04-01
kurtunwaarey,0.0,2012-04-01
qoryooley,0.0,2012-04-01
sablaale,0.0,2012-04-01
wanla weyn,0.0,2012-04-01
baydhaba,0.0,2012-04-01
buur hakaba,0.0,2012-04-01
diinsoor,0.0,2012-04-01
qansax dheere,0.0,2012-04-01
xudur,0.0,2012-04-01
ceel barde,0.0,2012-04-01
tayeeglow,0.0,2012-04-01
waajid,0.0,2012-04-01
rab dhuure,0.0,2012-04-01
garbahaarey,0.0,2012-04-01
baardheere,0.001043995799666137,2012-04-01
belet xaawo,0.999545239160528,2012-04-01
ceel waaq,0.9988690332771026,2012-04-01
doolow,0.9991578788343778,2012-04-01
luuq,0.00031696050170659,2012-04-01
bu'aale,0.5716625906502015,2012-04-01
jilib,0.18386595915203513,2012-04-01
saakow,0.07067838025271973,2012-04-01
kismaayo,0.0,2012-04-01
afmadow,0.0008827381120605634,2012-04-01
badhaadhe,0.0,2012-04-01
jamaame,0.0013106192579926575,2012-04-01
banadir,0.0,2021-02-01
borama,0.1794800695754053,2021-02-01
baki,0.24143577907931363,2021-02-01
lughaye,0.9840931023310501,2021-02-01
zeylac,0.805504390675387,2021-02-01
hargeysa,0.24866766542938024,2021-02-01
berbera,0.3602793431770238,2021-02-01
gebiley,0.0,2021-02-01
burco,0.6834248901383579,2021-02-01
buuhoodle,0.9999983836174151,2021-02-01
owdweyne,0.659396650120929,2021-02-01
sheikh,0.0,2021-02-01
laas caanood,0.9998750858646335,2021-02-01
caynabo,0.9746137509199132,2021-02-01
taleex,1.0,2021-02-01
xudun,1.0,2021-02-01
ceerigaabo,1.0,2021-02-01
ceel afweyn,0.8053347751580587,2021-02-01
laasqoray,0.9993704514122681,2021-02-01
bossaso,0.3017656589827214,2021-02-01
bandarbeyla,0.8261421809054467,2021-02-01
caluula,0.0,2021-02-01
iskushuban,0.5029178287367554,2021-02-01
qandala,0.0917725348677928,2021-02-01
qardho,0.9999902309191522,2021-02-01
garoowe,0.8099911921463357,2021-02-01
burtinle,1.966585613803991e-05,2021-02-01
eyl,0.3858099287259188,2021-02-01
gaalkacyo,0.0,2021-02-01
galdogob,0.0,2021-02-01
hobyo,0.0,2021-02-01
jariiban,0.0,2021-02-01
xarardheere,0.0,2021-02-01
dhuusamarreeb,0.0,2021-02-01
cabudwaaq,0.0,2021-02-01
cadaado,0.0,2021-02-01
ceel buur,0.0,2021-02-01
ceel dheer,0.0,2021-02-01
belet weyne,0.038721670463981145,2021-02-01
bulo burto,4.058751345202765e-05,2021-02-01
jalalaqsi,0.0,2021-02-01
jowhar,0.0,2021-02-01
adan yabaal,0.0,2021-02-01
balcad,0.0,2021-02-01
cadale,0.0,2021-02-01
marka,0.0,2021-02-01
afgooye,0.0,2021-02-01
baraawe,0.0,2021-02-01
kurtunwaarey,0.0,2021-02-01
qoryooley,0.0,2021-02-01
sablaale,0.0,2021-02-01
wanla weyn,0.0,2021-02-01
baydhaba,0.0,2021-02-01
buur hakaba,0.0,2021-02-01
diinsoor,0.0,2021-02-01
qansax dheere,0.0,2021-02-01
xudur,0.0,2021-02-01
ceel barde,0.0,2021-02-01
tayeeglow,0.0,2021-02-01
waajid,0.0,2021-02-01
rab dhuure,0.0,2021-02-01
garbahaarey,0.0,2021-02-01
baardheere,0.0,2021-02-01
belet xaawo,0.0,2021-02-01
ceel waaq,0.0,2021-02-01
doolow,0.0,2021-02-01
luuq,0.0,2021-02-01
bu'aale,0.0,2021-02-01
jilib,0.0,2021-02-01
saakow,0.0,2021-02-01
kismaayo,0.0,2021-02-01
afmadow,0.0,2021-02-01
badhaadhe,0.0,2021-02-01
jamaame,0.0,2021-02-01
banadir,0.9826153278338142,2013-04-01
borama,0.003336643605430153,2013-04-01
baki,1.0,2013-04-01
lughaye,0.9990435494848182,2013-04-01
zeylac,0.0005175769073688706,2013-04-01
hargeysa,1.0,2013-04-01
berbera,1.0,2013-04-01
gebiley,1.0,2013-04-01
burco,1.0,2013-04-01
buuhoodle,1.0,2013-04-01
owdweyne,1.0,2013-04-01
sheikh,1.0,2013-04-01
laas caanood,1.0,2013-04-01
caynabo,1.0,2013-04-01
taleex,1.0,2013-04-01
xudun,1.0,2013-04-01
ceerigaabo,1.0,2013-04-01
ceel afweyn,1.0,2013-04-01
laasqoray,1.0,2013-04-01
bossaso,1.0,2013-04-01
bandarbeyla,1.0,2013-04-01
caluula,1.0,2013-04-01
iskushuban,1.0,2013-04-01
qandala,1.0,2013-04-01
qardho,1.0,2013-04-01
garoowe,1.0,2013-04-01
burtinle,1.0,2013-04-01
eyl,1.0,2013-04-01
gaalkacyo,1.0,2013-04-01
galdogob,1.0,2013-04-01
hobyo,1.0,2013-04-01
jariiban,1.0,2013-04-01
xarardheere,0.0026779783832092934,2013-04-01
dhuusamarreeb,1.0,2013-04-01
cabudwaaq,1.0,2013-04-01
cadaado,1.0,2013-04-01
ceel buur,0.0016252437070869415,2013-04-01
ceel dheer,0.0,2013-04-01
belet weyne,0.6499278186812453,2013-04-01
bulo burto,0.000837799774252725,2013-04-01
jalalaqsi,0.0,2013-04-01
jowhar,0.0,2013-04-01
adan yabaal,0.0,2013-04-01
balcad,3.0492065561753354e-06,2013-04-01
cadale,0.0,2013-04-01
marka,0.9953724191433823,2013-04-01
afgooye,0.9979583209956455,2013-04-01
baraawe,0.0008331720895984316,2013-04-01
kurtunwaarey,0.0019927907758332327,2013-04-01
qoryooley,0.0059100147604489285,2013-04-01
sablaale,0.0015373494398035448,2013-04-01
wanla weyn,0.9970228857424404,2013-04-01
baydhaba,1.0,2013-04-01
buur hakaba,0.9999904069397869,2013-04-01
diinsoor,1.0,2013-04-01
qansax dheere,1.0,2013-04-01
xudur,1.0,2013-04-01
ceel barde,0.9990352516298933,2013-04-01
tayeeglow,0.9976506187559986,2013-04-01
waajid,1.0,2013-04-01
rab dhuure,0.9999974832603431,2013-04-01
garbahaarey,1.0,2013-04-01
baardheere,0.002312188898099421,2013-04-01
belet xaawo,1.0,2013-04-01
ceel waaq,0.999579363466318,2013-04-01
doolow,0.9999942691974625,2013-04-01
luuq,0.9999987282207302,2013-04-01
bu'aale,0.3588153403889854,2013-04-01
jilib,0.0008944875435793485,2013-04-01
saakow,0.002078600813306981,2013-04-01
kismaayo,0.9993358049938122,2013-04-01
afmadow,0.9977764007654925,2013-04-01
badhaadhe,0.988586762905136,2013-04-01
jamaame,0.0008064971043147355,2013-04-01
banadir,0.0,2014-04-01
borama,5.425255354155177e-07,2014-04-01
baki,0.0,2014-04-01
lughaye,0.0,2014-04-01
zeylac,0.00018741762862065477,2014-04-01
hargeysa,0.0,2014-04-01
berbera,0.0,2014-04-01
gebiley,0.0,2014-04-01
burco,0.0,2014-04-01
buuhoodle,0.0,2014-04-01
owdweyne,0.0,2014-04-01
sheikh,0.0,2014-04-01
laas caanood,0.0,2014-04-01
caynabo,0.0,2014-04-01
taleex,0.0,2014-04-01
xudun,0.0,2014-04-01
ceerigaabo,0.0,2014-04-01
ceel afweyn,0.0,2014-04-01
laasqoray,0.0,2014-04-01
bossaso,0.0,2014-04-01
bandarbeyla,2.228521049589038e-05,2014-04-01
caluula,0.0,2014-04-01
iskushuban,0.0,2014-04-01
qandala,0.0,2014-04-01
qardho,1.3627794824136471e-05,2014-04-01
garoowe,0.00011144139372470974,2014-04-01
burtinle,0.0,2014-04-01
eyl,0.4302139356732685,2014-04-01
gaalkacyo,0.0,2014-04-01
galdogob,0.0,2014-04-01
hobyo,0.0,2014-04-01
jariiban,0.0003144185085255837,2014-04-01
xarardheere,0.0,2014-04-01
dhuusamarreeb,0.0,2014-04-01
cabudwaaq,0.0,2014-04-01
cadaado,0.0,2014-04-01
ceel buur,0.0,2014-04-01
ceel dheer,0.0,2014-04-01
belet weyne,0.0,2014-04-01
bulo burto,0.0,2014-04-01
jalalaqsi,0.0,2014-04-01
jowhar,0.09232894231615511,2014-04-01
adan yabaal,0.0,2014-04-01
balcad,0.00040691705755316234,2014-04-01
cadale,0.0,2014-04-01
marka,0.0,2014-04-01
afgooye,0.0,2014-04-01
baraawe,0.0,2014-04-01
kurtunwaarey,0.0,2014-04-01
qoryooley,0.0,2014-04-01
sablaale,0.0,2014-04-01
wanla weyn,0.0,2014-04-01
baydhaba,0.0,2014-04-01
buur hakaba,0.0,2014-04-01
diinsoor,0.0,2014-04-01
qansax dheere,0.0,2014-04-01
xudur,0.0,2014-04-01
ceel barde,0.0,2014-04-01
tayeeglow,0.0,2014-04-01
waajid,0.0,2014-04-01
rab dhuure,0.0,2014-04-01
garbahaarey,0.0,2014-04-01
baardheere,0.0,2014-04-01
belet xaawo,0.0,2014-04-01
ceel waaq,0.0,2014-04-01
doolow,0.0,2014-04-01
luuq,0.0,2014-04-01
bu'aale,0.0,2014-04-01
jilib,0.0,2014-04-01
saakow,0.0,2014-04-01
kismaayo,0.0,2014-04-01
afmadow,0.0,2014-04-01
badhaadhe,0.0,2014-04-01
jamaame,0.0,2014-04-01
banadir,0.0,2014-07-01
borama,2.3503336575773285e-06,2014-07-01
baki,0.0,2014-07-01
lughaye,0.0,2014-07-01
zeylac,0.00018741762862066312,2014-07-01
hargeysa,4.863383450804597e-07,2014-07-01
berbera,0.0,2014-07-01
gebiley,1.670403911971367e-06,2014-07-01
burco,7.060379331116779e-07,2014-07-01
buuhoodle,1.6163825921455318e-06,2014-07-01
owdweyne,0.0,2014-07-01
sheikh,0.0,2014-07-01
laas caanood,0.0,2014-07-01
caynabo,0.0,2014-07-01
taleex,0.0,2014-07-01
xudun,0.0,2014-07-01
ceerigaabo,0.0,2014-07-01
ceel afweyn,0.0,2014-07-01
laasqoray,0.0,2014-07-01
bossaso,0.0,2014-07-01
bandarbeyla,0.0,2014-07-01
caluula,0.0,2014-07-01
iskushuban,0.0,2014-07-01
qandala,0.0,2014-07-01
qardho,0.0,2014-07-01
garoowe,0.0,2014-07-01
burtinle,0.0,2014-07-01
eyl,0.0,2014-07-01
gaalkacyo,0.0,2014-07-01
galdogob,0.0,2014-07-01
hobyo,0.0,2014-07-01
jariiban,0.0,2014-07-01
xarardheere,0.0,2014-07-01
dhuusamarreeb,0.0,2014-07-01
cabudwaaq,0.0,2014-07-01
cadaado,0.0,2014-07-01
ceel buur,0.0,2014-07-01
ceel dheer,0.0,2014-07-01
belet weyne,8.602033058552618e-07,2014-07-01
bulo burto,0.0,2014-07-01
jalalaqsi,0.0,2014-07-01
jowhar,0.0,2014-07-01
adan yabaal,0.0,2014-07-01
balcad,0.0,2014-07-01
cadale,0.0,2014-07-01
marka,0.0,2014-07-01
afgooye,0.0,2014-07-01
baraawe,0.0,2014-07-01
kurtunwaarey,0.0,2014-07-01
qoryooley,0.0,2014-07-01
sablaale,0.0,2014-07-01
wanla weyn,0.0,2014-07-01
baydhaba,0.0,2014-07-01
buur hakaba,0.0,2014-07-01
diinsoor,0.0,2014-07-01
qansax dheere,0.0,2014-07-01
xudur,0.0,2014-07-01
ceel barde,2.0601472347592973e-06,2014-07-01
tayeeglow,0.0,2014-07-01
waajid,0.0,2014-07-01
rab dhuure,2.516739656922747e-06,2014-07-01
garbahaarey,0.0,2014-07-01
baardheere,0.0,2014-07-01
belet xaawo,0.0,2014-07-01
ceel waaq,0.0,2014-07-01
doolow,5.730802537418627e-06,2014-07-01
luuq,1.271779269765115e-06,2014-07-01
bu'aale,0.0,2014-07-01
jilib,0.0,2014-07-01
saakow,0.0,2014-07-01
kismaayo,0.0,2014-07-01
afmadow,0.0,2014-07-01
badhaadhe,0.0,2014-07-01
jamaame,0.0,2014-07-01
banadir,0.0,2017-02-01
borama,0.9961162539919779,2017-02-01
baki,0.000521840076126786,2017-02-01
lughaye,0.0,2017-02-01
zeylac,0.0,2017-02-01
hargeysa,0.9982362306160182,2017-02-01
berbera,0.0,2017-02-01
gebiley,0.9989170195456846,2017-02-01
burco,0.0015025178863326241,2017-02-01
buuhoodle,0.9984265521820926,2017-02-01
owdweyne,2.9167168406919453e-07,2017-02-01
sheikh,0.0,2017-02-01
laas caanood,0.0018773211148495278,2017-02-01
caynabo,0.9977290539305929,2017-02-01
taleex,0.9993832272720616,2017-02-01
xudun,0.9997674266652306,2017-02-01
ceerigaabo,0.9989647492172467,2017-02-01
ceel afweyn,0.0012777049103533332,2017-02-01
laasqoray,0.0012421107280627792,2017-02-01
bossaso,0.3016917039404029,2017-02-01
bandarbeyla,0.9999777147896336,2017-02-01
caluula,0.0,2017-02-01
iskushuban,0.9993240776540306,2017-02-01
qandala,0.0013763266353868035,2017-02-01
qardho,0.9999863722056619,2017-02-01
garoowe,0.8093335048847243,2017-02-01
burtinle,0.0,2017-02-01
eyl,0.0017655285237527481,2017-02-01
gaalkacyo,0.0005334571304925503,2017-02-01
galdogob,0.0,2017-02-01
hobyo,0.00046908340126350454,2017-02-01
jariiban,0.9985274285623906,2017-02-01
xarardheere,0.0,2017-02-01
dhuusamarreeb,0.0,2017-02-01
cabudwaaq,0.0,2017-02-01
cadaado,0.0,2017-02-01
ceel buur,0.9978580679423885,2017-02-01
ceel dheer,0.0015826673569911875,2017-02-01
belet weyne,0.0004314493303688567,2017-02-01
bulo burto,0.00042263239919123084,2017-02-01
jalalaqsi,0.0,2017-02-01
jowhar,0.0,2017-02-01
adan yabaal,0.0,2017-02-01
balcad,0.0,2017-02-01
cadale,0.0,2017-02-01
marka,0.0,2017-02-01
afgooye,0.0,2017-02-01
baraawe,0.0,2017-02-01
kurtunwaarey,0.0,2017-02-01
qoryooley,0.0,2017-02-01
sablaale,0.0,2017-02-01
wanla weyn,0.0,2017-02-01
baydhaba,0.0,2017-02-01
buur hakaba,0.0,2017-02-01
diinsoor,0.0,2017-02-01
qansax dheere,0.0,2017-02-01
xudur,0.0,2017-02-01
ceel barde,2.0601472826280073e-06,2017-02-01
tayeeglow,0.0,2017-02-01
waajid,0.0,2017-02-01
rab dhuure,2.5167396371336924e-06,2017-02-01
garbahaarey,0.0029720861739190186,2017-02-01
baardheere,0.0,2017-02-01
belet xaawo,0.9996328498851104,2017-02-01
ceel waaq,0.001200504971574116,2017-02-01
doolow,0.9999999999999999,2017-02-01
luuq,0.9980856235717748,2017-02-01
bu'aale,0.0,2017-02-01
jilib,0.0,2017-02-01
saakow,0.0,2017-02-01
kismaayo,0.9993358049938924,2017-02-01
afmadow,0.9977764007078471,2017-02-01
badhaadhe,0.0031548132125220046,2017-02-01
jamaame,0.0008064973095413608,2017-02-01
banadir,0.0,2021-10-01
borama,0.0,2021-10-01
baki,0.0,2021-10-01
lughaye,0.0,2021-10-01
zeylac,0.0,2021-10-01
hargeysa,0.0,2021-10-01
berbera,0.0,2021-10-01
gebiley,0.0,2021-10-01
burco,0.0,2021-10-01
buuhoodle,0.0,2021-10-01
owdweyne,0.0,2021-10-01
sheikh,0.0,2021-10-01
laas caanood,0.0,2021-10-01
caynabo,0.0,2021-10-01
taleex,0.0,2021-10-01
xudun,0.0,2021-10-01
ceerigaabo,0.31003047559726343,2021-10-01
ceel afweyn,0.3959098833319531,2021-10-01
laasqoray,0.48873526656289085,2021-10-01
bossaso,0.0,2021-10-01
bandarbeyla,0.0,2021-10-01
caluula,0.0,2021-10-01
iskushuban,0.0,2021-10-01
qandala,0.0,2021-10-01
qardho,0.0,2021-10-01
garoowe,0.0,2021-10-01
burtinle,0.0,2021-10-01
eyl,0.0,2021-10-01
gaalkacyo,0.0,2021-10-01
galdogob,0.0,2021-10-01
hobyo,0.0,2021-10-01
jariiban,0.0,2021-10-01
xarardheere,0.0,2021-10-01
dhuusamarreeb,0.0,2021-10-01
cabudwaaq,0.0,2021-10-01
cadaado,0.0,2021-10-01
ceel buur,0.0,2021-10-01
ceel dheer,0.0,2021-10-01
belet weyne,0.0,2021-10-01
bulo burto,0.0,2021-10-01
jalalaqsi,0.0,2021-10-01
jowhar,0.0,2021-10-01
adan yabaal,0.0,2021-10-01
balcad,0.0,2021-10-01
cadale,0.0,2021-10-01
marka,0.0,2021-10-01
afgooye,0.0,2021-10-01
baraawe,0.0,2021-10-01
kurtunwaarey,0.0,2021-10-01
qoryooley,0.0,2021-10-01
sablaale,0.0,2021-10-01
wanla weyn,0.0,2021-10-01
baydhaba,0.0,2021-10-01
buur hakaba,0.0,2021-10-01
diinsoor,0.0,2021-10-01
qansax dheere,0.0,2021-10-01
xudur,0.0,2021-10-01
ceel barde,0.0,2021-10-01
tayeeglow,0.0,2021-10-01
waajid,0.0,2021-10-01
rab dhuure,0.0,2021-10-01
garbahaarey,0.0,2021-10-01
baardheere,0.0,2021-10-01
belet xaawo,0.0,2021-10-01
ceel waaq,0.0,2021-10-01
doolow,0.0,2021-10-01
luuq,0.0,2021-10-01
bu'aale,0.0,2021-10-01
jilib,0.0,2021-10-01
saakow,0.0,2021-10-01
kismaayo,0.0,2021-10-01
afmadow,0.0,2021-10-01
badhaadhe,0.0,2021-10-01
jamaame,0.0,2021-10-01
banadir,0.0,2019-06-01
borama,0.0,2019-06-01
baki,0.0,2019-06-01
lughaye,0.0,2019-06-01
zeylac,0.0,2019-06-01
hargeysa,0.0,2019-06-01
berbera,0.0,2019-06-01
gebiley,0.0,2019-06-01
burco,0.0005548219864542411,2019-06-01
buuhoodle,0.0020343034144954426,2019-06-01
owdweyne,0.0,2019-06-01
sheikh,0.0,2019-06-01
laas caanood,0.697544181533369,2019-06-01
caynabo,0.887443794807065,2019-06-01
taleex,0.9993022587040508,2019-06-01
xudun,1.0,2019-06-01
ceerigaabo,1.0,2019-06-01
ceel afweyn,0.7626988807006823,2019-06-01
laasqoray,0.9981283406841605,2019-06-01
bossaso,0.0,2019-06-01
bandarbeyla,0.0,2019-06-01
caluula,0.0,2019-06-01
iskushuban,0.0,2019-06-01
qandala,0.0,2019-06-01
qardho,0.0,2019-06-01
garoowe,0.00025001244647748116,2019-06-01
burtinle,0.0,2019-06-01
eyl,0.0,2019-06-01
gaalkacyo,0.0,2019-06-01
galdogob,0.0,2019-06-01
hobyo,0.0,2019-06-01
jariiban,0.0,2019-06-01
xarardheere,0.0,2019-06-01
dhuusamarreeb,0.0,2019-06-01
cabudwaaq,0.0,2019-06-01
cadaado,0.0,2019-06-01
ceel buur,0.0,2019-06-01
ceel dheer,0.0,2019-06-01
belet weyne,0.0,2019-06-01
bulo burto,0.0,2019-06-01
jalalaqsi,0.0,2019-06-01
jowhar,0.0,2019-06-01
adan yabaal,0.0,2019-06-01
balcad,0.0,2019-06-01
cadale,0.0,2019-06-01
marka,0.0,2019-06-01
afgooye,0.0,2019-06-01
baraawe,0.0,2019-06-01
kurtunwaarey,0.0,2019-06-01
qoryooley,0.0,2019-06-01
sablaale,0.0,2019-06-01
wanla weyn,0.0,2019-06-01
baydhaba,0.0,2019-06-01
buur hakaba,0.0,2019-06-01
diinsoor,0.0,2019-06-01
qansax dheere,0.0,2019-06-01
xudur,0.0,2019-06-01
ceel barde,0.0,2019-06-01
tayeeglow,0.0,2019-06-01
waajid,0.0,2019-06-01
rab dhuure,0.0,2019-06-01
garbahaarey,0.0,2019-06-01
baardheere,0.0,2019-06-01
belet xaawo,0.0,2019-06-01
ceel waaq,0.0,2019-06-01
doolow,0.0,2019-06-01
luuq,0.0,2019-06-01
bu'aale,0.0,2019-06-01
jilib,0.0,2019-06-01
saakow,0.0,2019-06-01
kismaayo,0.0,2019-06-01
afmadow,0.0,2019-06-01
badhaadhe,0.0,2019-06-01
jamaame,0.0,2019-06-01
banadir,0.982541779499261,2012-07-01
borama,0.0016914652050442308,2012-07-01
baki,0.2405637501762174,2012-07-01
lughaye,0.9605454180798648,2012-07-01
zeylac,0.7158462782534925,2012-07-01
hargeysa,0.0008232401827753957,2012-07-01
berbera,0.0007986259729617759,2012-07-01
gebiley,0.0,2012-07-01
burco,0.9999106277293499,2012-07-01
buuhoodle,0.9999983836174079,2012-07-01
owdweyne,0.9997918655576059,2012-07-01
sheikh,0.2802970951190151,2012-07-01
laas caanood,1.0,2012-07-01
caynabo,1.0,2012-07-01
taleex,1.0,2012-07-01
xudun,1.0,2012-07-01
ceerigaabo,1.0,2012-07-01
ceel afweyn,1.0,2012-07-01
laasqoray,1.0,2012-07-01
bossaso,1.0,2012-07-01
bandarbeyla,1.0,2012-07-01
caluula,1.0,2012-07-01
iskushuban,1.0,2012-07-01
qandala,1.0,2012-07-01
qardho,1.0,2012-07-01
garoowe,1.0,2012-07-01
burtinle,1.0,2012-07-01
eyl,1.0,2012-07-01
gaalkacyo,1.0,2012-07-01
galdogob,1.0,2012-07-01
hobyo,1.0,2012-07-01
jariiban,1.0,2012-07-01
xarardheere,0.0026779783832096673,2012-07-01
dhuusamarreeb,1.0,2012-07-01
cabudwaaq,1.0,2012-07-01
cadaado,1.0,2012-07-01
ceel buur,0.0016252437070869413,2012-07-01
ceel dheer,0.0,2012-07-01
belet weyne,0.4857863670111879,2012-07-01
bulo burto,0.0004127311215406424,2012-07-01
jalalaqsi,0.0,2012-07-01
jowhar,0.0,2012-07-01
adan yabaal,0.0,2012-07-01
balcad,0.0,2012-07-01
cadale,0.0,2012-07-01
marka,0.0,2012-07-01
afgooye,0.03079128273123707,2012-07-01
baraawe,0.0,2012-07-01
kurtunwaarey,0.0,2012-07-01
qoryooley,0.0,2012-07-01
sablaale,0.0,2012-07-01
wanla weyn,0.0,2012-07-01
baydhaba,0.0,2012-07-01
buur hakaba,0.0,2012-07-01
diinsoor,0.0,2012-07-01
qansax dheere,0.0,2012-07-01
xudur,0.0,2012-07-01
ceel barde,0.0,2012-07-01
tayeeglow,0.0,2012-07-01
waajid,0.0,2012-07-01
rab dhuure,0.0,2012-07-01
garbahaarey,0.0,2012-07-01
baardheere,0.001043995799666137,2012-07-01
belet xaawo,0.999545239160528,2012-07-01
ceel waaq,0.9988690332771026,2012-07-01
doolow,0.9991578788343778,2012-07-01
luuq,0.00031696050170659,2012-07-01
bu'aale,0.5716625906502015,2012-07-01
jilib,0.18386595915203513,2012-07-01
saakow,0.07067838025271973,2012-07-01
kismaayo,0.0,2012-07-01
afmadow,0.0008827381120605634,2012-07-01
badhaadhe,0.0,2012-07-01
jamaame,0.0013106192579926575,2012-07-01
banadir,0.979995700449499,2013-10-01
borama,0.002644118599314143,2013-10-01
baki,0.3129228852961808,2013-10-01
lughaye,0.9605454180798648,2013-10-01
zeylac,0.7160325161112331,2013-10-01
hargeysa,0.0,2013-10-01
berbera,0.0,2013-10-01
gebiley,0.0,2013-10-01
burco,0.0,2013-10-01
buuhoodle,0.0,2013-10-01
owdweyne,0.0,2013-10-01
sheikh,0.0,2013-10-01
laas caanood,0.0,2013-10-01
caynabo,0.0,2013-10-01
taleex,0.0006701009077808647,2013-10-01
xudun,0.0,2013-10-01
ceerigaabo,0.0,2013-10-01
ceel afweyn,0.0,2013-10-01
laasqoray,0.0012554326716830058,2013-10-01
bossaso,0.2202038956988705,2013-10-01
bandarbeyla,0.8257438000905944,2013-10-01
caluula,0.0,2013-10-01
iskushuban,0.5032547450598143,2013-10-01
qandala,0.08737070904541092,2013-10-01
qardho,0.9998510043490778,2013-10-01
garoowe,0.0010009188438332077,2013-10-01
burtinle,0.0,2013-10-01
eyl,0.00149307800275551,2013-10-01
gaalkacyo,0.0,2013-10-01
galdogob,0.0,2013-10-01
hobyo,0.0,2013-10-01
jariiban,0.0,2013-10-01
xarardheere,0.0,2013-10-01
dhuusamarreeb,0.001614563612102964,2013-10-01
cabudwaaq,1.0,2013-10-01
cadaado,0.9965928484574431,2013-10-01
ceel buur,0.0,2013-10-01
ceel dheer,0.0,2013-10-01
belet weyne,0.06584779911379175,2013-10-01
bulo burto,0.00012345294233553883,2013-10-01
jalalaqsi,0.0,2013-10-01
jowhar,0.0,2013-10-01
adan yabaal,0.0,2013-10-01
balcad,0.0,2013-10-01
cadale,0.0,2013-10-01
marka,0.0,2013-10-01
afgooye,0.0,2013-10-01
baraawe,0.0,2013-10-01
kurtunwaarey,0.0,2013-10-01
qoryooley,0.0,2013-10-01
sablaale,0.0,2013-10-01
wanla weyn,0.0,2013-10-01
baydhaba,0.0008002467107050228,2013-10-01
buur hakaba,0.0,2013-10-01
diinsoor,0.0,2013-10-01
qansax dheere,0.0004356710483290743,2013-10-01
xudur,0.0,2013-10-01
ceel barde,0.0,2013-10-01
tayeeglow,0.0,2013-10-01
waajid,0.9950810092128738,2013-10-01
rab dhuure,0.0,2013-10-01
garbahaarey,0.003233964965452518,2013-10-01
baardheere,0.001043995799666137,2013-10-01
belet xaawo,0.9996328503190364,2013-10-01
ceel waaq,0.9988690332771026,2013-10-01
doolow,0.9999942691974625,2013-10-01
luuq,0.9985282315126459,2013-10-01
bu'aale,0.0,2013-10-01
jilib,0.0,2013-10-01
saakow,0.0,2013-10-01
kismaayo,0.0,2013-10-01
afmadow,0.0,2013-10-01
badhaadhe,0.0,2013-10-01
jamaame,0.0,2013-10-01
banadir,0.0,2020-10-01
borama,0.0,2020-10-01
baki,0.0,2020-10-01
lughaye,0.0,2020-10-01
zeylac,0.0,2020-10-01
hargeysa,0.0,2020-10-01
berbera,0.0,2020-10-01
gebiley,0.0,2020-10-01
burco,0.0,2020-10-01
buuhoodle,0.0,2020-10-01
owdweyne,0.0,2020-10-01
sheikh,0.0,2020-10-01
laas caanood,0.0,2020-10-01
caynabo,0.0,2020-10-01
taleex,0.0,2020-10-01
xudun,0.0,2020-10-01
ceerigaabo,0.0,2020-10-01
ceel afweyn,0.0,2020-10-01
laasqoray,0.0,2020-10-01
bossaso,0.0,2020-10-01
bandarbeyla,0.0,2020-10-01
caluula,0.0,2020-10-01
iskushuban,0.0,2020-10-01
qandala,0.0,2020-10-01
qardho,0.0,2020-10-01
garoowe,0.0,2020-10-01
burtinle,0.0,2020-10-01
eyl,0.0,2020-10-01
gaalkacyo,0.0,2020-10-01
galdogob,0.0,2020-10-01
hobyo,0.0,2020-10-01
jariiban,0.0,2020-10-01
xarardheere,0.0,2020-10-01
dhuusamarreeb,0.0,2020-10-01
cabudwaaq,0.0,2020-10-01
cadaado,0.0,2020-10-01
ceel buur,0.0,2020-10-01
ceel dheer,0.0,2020-10-01
belet weyne,0.0,2020-10-01
bulo burto,0.0,2020-10-01
jalalaqsi,0.0,2020-10-01
jowhar,0.0,2020-10-01
adan yabaal,0.0,2020-10-01
balcad,0.0,2020-10-01
cadale,0.0,2020-10-01
marka,0.0,2020-10-01
afgooye,0.0,2020-10-01
baraawe,0.0,2020-10-01
kurtunwaarey,0.0,2020-10-01
qoryooley,0.0,2020-10-01
sablaale,0.0,2020-10-01
wanla weyn,0.0,2020-10-01
baydhaba,0.0,2020-10-01
buur hakaba,0.0,2020-10-01
diinsoor,0.0,2020-10-01
qansax dheere,0.0,2020-10-01
xudur,0.0,2020-10-01
ceel barde,0.0,2020-10-01
tayeeglow,0.0,2020-10-01
waajid,0.0,2020-10-01
rab dhuure,0.0,2020-10-01
garbahaarey,0.0,2020-10-01
baardheere,0.0,2020-10-01
belet xaawo,0.0,2020-10-01
ceel waaq,0.0,2020-10-01
doolow,0.0,2020-10-01
luuq,0.0,2020-10-01
bu'aale,0.0,2020-10-01
jilib,0.0,2020-10-01
saakow,0.0,2020-10-01
kismaayo,0.0,2020-10-01
afmadow,0.0,2020-10-01
badhaadhe,0.0,2020-10-01
jamaame,0.0,2020-10-01
banadir,0.017458221315650353,2017-06-01
borama,0.00022030516900620813,2017-06-01
baki,7.769348109159959e-05,2017-06-01
lughaye,0.0,2017-06-01
zeylac,0.0014732704207620722,2017-06-01
hargeysa,0.6613725672990619,2017-06-01
berbera,0.0,2017-06-01
gebiley,0.4538443052836636,2017-06-01
burco,0.8264112458194575,2017-06-01
buuhoodle,0.9999983836025891,2017-06-01
owdweyne,0.8386302597971663,2017-06-01
sheikh,0.0826999214046854,2017-06-01
laas caanood,1.0,2017-06-01
caynabo,0.9746137509198841,2017-06-01
taleex,1.0,2017-06-01
xudun,1.0,2017-06-01
ceerigaabo,1.0,2017-06-01
ceel afweyn,0.7626988807006836,2017-06-01
laasqoray,1.0,2017-06-01
bossaso,0.9984967791079035,2017-06-01
bandarbeyla,1.0,2017-06-01
caluula,0.0,2017-06-01
iskushuban,0.9995888586766837,2017-06-01
qandala,0.09314886150316576,2017-06-01
qardho,1.0,2017-06-01
garoowe,1.0,2017-06-01
burtinle,1.0,2017-06-01
eyl,1.0,2017-06-01
gaalkacyo,1.0,2017-06-01
galdogob,1.0,2017-06-01
hobyo,1.0,2017-06-01
jariiban,1.0,2017-06-01
xarardheere,0.002677978306129063,2017-06-01
dhuusamarreeb,1.0,2017-06-01
cabudwaaq,1.0,2017-06-01
cadaado,1.0,2017-06-01
ceel buur,0.0016252437103761025,2017-06-01
ceel dheer,0.0,2017-06-01
belet weyne,0.0011219142840110797,2017-06-01
bulo burto,0.0,2017-06-01
jalalaqsi,0.0,2017-06-01
jowhar,0.9949917694688378,2017-06-01
adan yabaal,0.0,2017-06-01
balcad,0.9987059343202003,2017-06-01
cadale,0.0,2017-06-01
marka,0.005533301268146894,2017-06-01
afgooye,0.9418847540408923,2017-06-01
baraawe,0.0021237396377463812,2017-06-01
kurtunwaarey,0.0,2017-06-01
qoryooley,0.0023540338861285357,2017-06-01
sablaale,0.9593039030136509,2017-06-01
wanla weyn,0.9986307097889383,2017-06-01
baydhaba,0.0,2017-06-01
buur hakaba,0.0006488059088712259,2017-06-01
diinsoor,0.0,2017-06-01
qansax dheere,0.0029839584220494515,2017-06-01
xudur,0.0,2017-06-01
ceel barde,0.0,2017-06-01
tayeeglow,0.0,2017-06-01
waajid,0.0,2017-06-01
rab dhuure,0.0,2017-06-01
garbahaarey,0.9994416042621701,2017-06-01
baardheere,0.9994180561585887,2017-06-01
belet xaawo,1.0,2017-06-01
ceel waaq,1.0,2017-06-01
doolow,0.9999942691974841,2017-06-01
luuq,0.9980843517928499,2017-06-01
bu'aale,0.09673082803800448,2017-06-01
jilib,0.0005651186476804669,2017-06-01
saakow,0.001965420545452972,2017-06-01
kismaayo,0.9530696795546149,2017-06-01
afmadow,0.8986966154470888,2017-06-01
badhaadhe,0.003154813212714969,2017-06-01
jamaame,0.0008064973095413608,2017-06-01
banadir,0.0,2015-07-01
borama,0.0002208477038266262,2015-07-01
baki,7.777253927198868e-05,2015-07-01
lughaye,0.0,2015-07-01
zeylac,1.1799837309362975e-06,2015-07-01
hargeysa,0.2575388636216539,2015-07-01
berbera,0.0,2015-07-01
gebiley,0.3934204371808641,2015-07-01
burco,0.0,2015-07-01
buuhoodle,0.0,2015-07-01
owdweyne,0.0,2015-07-01
sheikh,0.0,2015-07-01
laas caanood,0.0,2015-07-01
caynabo,0.0,2015-07-01
taleex,0.0,2015-07-01
xudun,0.0,2015-07-01
ceerigaabo,0.0,2015-07-01
ceel afweyn,0.0,2015-07-01
laasqoray,0.0,2015-07-01
bossaso,0.0,2015-07-01
bandarbeyla,0.0,2015-07-01
caluula,0.0,2015-07-01
iskushuban,0.0,2015-07-01
qandala,0.0,2015-07-01
qardho,0.0,2015-07-01
garoowe,0.0,2015-07-01
burtinle,0.0,2015-07-01
eyl,0.0,2015-07-01
gaalkacyo,0.0,2015-07-01
galdogob,0.0,2015-07-01
hobyo,0.0,2015-07-01
jariiban,0.0,2015-07-01
xarardheere,0.0,2015-07-01
dhuusamarreeb,0.0,2015-07-01
cabudwaaq,0.0,2015-07-01
cadaado,0.0,2015-07-01
ceel buur,0.0,2015-07-01
ceel dheer,0.0,2015-07-01
belet weyne,8.422034752271861e-07,2015-07-01
bulo burto,0.0,2015-07-01
jalalaqsi,0.0,2015-07-01
jowhar,0.0,2015-07-01
adan yabaal,0.0,2015-07-01
balcad,0.0,2015-07-01
cadale,0.0,2015-07-01
marka,0.0,2015-07-01
afgooye,0.0,2015-07-01
baraawe,0.0,2015-07-01
kurtunwaarey,0.0,2015-07-01
qoryooley,0.0,2015-07-01
sablaale,0.0,2015-07-01
wanla weyn,0.0,2015-07-01
baydhaba,0.0,2015-07-01
buur hakaba,0.0,2015-07-01
diinsoor,0.0,2015-07-01
qansax dheere,0.0,2015-07-01
xudur,0.0,2015-07-01
ceel barde,2.0601472347592973e-06,2015-07-01
tayeeglow,0.0,2015-07-01
waajid,0.0,2015-07-01
rab dhuure,2.5167396569227427e-06,2015-07-01
garbahaarey,0.0,2015-07-01
baardheere,0.0,2015-07-01
belet xaawo,0.0,2015-07-01
ceel waaq,0.0,2015-07-01
doolow,5.730802537418758e-06,2015-07-01
luuq,1.2717792697651142e-06,2015-07-01
bu'aale,0.0,2015-07-01
jilib,0.0,2015-07-01
saakow,0.0,2015-07-01
kismaayo,0.0,2015-07-01
afmadow,0.0,2015-07-01
badhaadhe,0.0,2015-07-01
jamaame,0.0,2015-07-01
banadir,0.0,2020-06-01
borama,0.0012743141182648336,2020-06-01
baki,0.0010516751100634251,2020-06-01
lughaye,0.9840931023310685,2020-06-01
zeylac,0.8055043906063468,2020-06-01
hargeysa,0.0,2020-06-01
berbera,0.0,2020-06-01
gebiley,0.0,2020-06-01
burco,0.0005548219864193129,2020-06-01
buuhoodle,0.002029075819684259,2020-06-01
owdweyne,0.0,2020-06-01
sheikh,0.0,2020-06-01
laas caanood,0.6962511881893741,2020-06-01
caynabo,0.8865345083087421,2020-06-01
taleex,0.9986854859762216,2020-06-01
xudun,0.002371590375562131,2020-06-01
ceerigaabo,0.9989647492172468,2020-06-01
ceel afweyn,0.7626988807006827,2020-06-01
laasqoray,0.0,2020-06-01
bossaso,0.0,2020-06-01
bandarbeyla,0.0,2020-06-01
caluula,0.0,2020-06-01
iskushuban,0.0,2020-06-01
qandala,0.0,2020-06-01
qardho,0.0,2020-06-01
garoowe,0.00025001244648816846,2020-06-01
burtinle,0.9980467554972544,2020-06-01
eyl,0.0,2020-06-01
gaalkacyo,0.0010174899934036626,2020-06-01
galdogob,0.0,2020-06-01
hobyo,0.13270046453811035,2020-06-01
jariiban,0.0003393870354396223,2020-06-01
xarardheere,0.0012468746223791944,2020-06-01
dhuusamarreeb,0.0,2020-06-01
cabudwaaq,0.0,2020-06-01
cadaado,0.0,2020-06-01
ceel buur,0.0,2020-06-01
ceel dheer,0.0,2020-06-01
belet weyne,0.0,2020-06-01
bulo burto,0.0,2020-06-01
jalalaqsi,0.0,2020-06-01
jowhar,0.0,2020-06-01
adan yabaal,0.0,2020-06-01
balcad,0.0,2020-06-01
cadale,0.0,2020-06-01
marka,0.0,2020-06-01
afgooye,0.0,2020-06-01
baraawe,0.0,2020-06-01
kurtunwaarey,0.0,2020-06-01
qoryooley,0.0,2020-06-01
sablaale,0.0,2020-06-01
wanla weyn,0.0,2020-06-01
baydhaba,0.0,2020-06-01
buur hakaba,0.0,2020-06-01
diinsoor,0.0,2020-06-01
qansax dheere,0.0,2020-06-01
xudur,0.0,2020-06-01
ceel barde,0.0,2020-06-01
tayeeglow,0.0,2020-06-01
waajid,0.0,2020-06-01
rab dhuure,0.0,2020-06-01
garbahaarey,0.0,2020-06-01
baardheere,0.0,2020-06-01
belet xaawo,0.0,2020-06-01
ceel waaq,0.0,2020-06-01
doolow,0.0,2020-06-01
luuq,0.0,2020-06-01
bu'aale,0.0,2020-06-01
jilib,0.0,2020-06-01
saakow,0.0,2020-06-01
kismaayo,0.0,2020-06-01
afmadow,0.0,2020-06-01
badhaadhe,0.0,2020-06-01
jamaame,0.0,2020-06-01
banadir,0.0,2014-10-01
borama,0.0,2014-10-01
baki,0.0,2014-10-01
lughaye,0.0,2014-10-01
zeylac,0.0,2014-10-01
hargeysa,0.0,2014-10-01
berbera,0.0,2014-10-01
gebiley,0.0,2014-10-01
burco,0.0,2014-10-01
buuhoodle,0.0,2014-10-01
owdweyne,0.0,2014-10-01
sheikh,0.0,2014-10-01
laas caanood,0.0,2014-10-01
caynabo,0.0,2014-10-01
taleex,0.0,2014-10-01
xudun,0.0,2014-10-01
ceerigaabo,0.0,2014-10-01
ceel afweyn,0.0,2014-10-01
laasqoray,0.0,2014-10-01
bossaso,0.0,2014-10-01
bandarbeyla,0.0,2014-10-01
caluula,0.0,2014-10-01
iskushuban,0.0,2014-10-01
qandala,0.0,2014-10-01
qardho,0.0,2014-10-01
garoowe,0.0,2014-10-01
burtinle,0.0,2014-10-01
eyl,0.0,2014-10-01
gaalkacyo,0.0,2014-10-01
galdogob,0.0,2014-10-01
hobyo,0.0,2014-10-01
jariiban,0.0,2014-10-01
xarardheere,0.0,2014-10-01
dhuusamarreeb,0.0,2014-10-01
cabudwaaq,0.0,2014-10-01
cadaado,0.0,2014-10-01
ceel buur,0.0,2014-10-01
ceel dheer,0.0,2014-10-01
belet weyne,1.7999830632515177e-08,2014-10-01
bulo burto,0.0,2014-10-01
jalalaqsi,0.0,2014-10-01
jowhar,0.09232894231615507,2014-10-01
adan yabaal,0.0,2014-10-01
balcad,0.00040691705755316234,2014-10-01
cadale,0.0,2014-10-01
marka,0.0,2014-10-01
afgooye,0.0,2014-10-01
baraawe,0.0,2014-10-01
kurtunwaarey,0.0,2014-10-01
qoryooley,0.0,2014-10-01
sablaale,0.0,2014-10-01
wanla weyn,0.0,2014-10-01
baydhaba,0.0,2014-10-01
buur hakaba,0.0,2014-10-01
diinsoor,0.0,2014-10-01
qansax dheere,0.0,2014-10-01
xudur,0.0,2014-10-01
ceel barde,0.0,2014-10-01
tayeeglow,0.0,2014-10-01
waajid,0.0,2014-10-01
rab dhuure,0.0,2014-10-01
garbahaarey,0.0,2014-10-01
baardheere,0.0,2014-10-01
belet xaawo,0.0,2014-10-01
ceel waaq,0.0,2014-10-01
doolow,0.0,2014-10-01
luuq,0.0,2014-10-01
bu'aale,0.0,2014-10-01
jilib,0.0,2014-10-01
saakow,0.0,2014-10-01
kismaayo,0.0,2014-10-01
afmadow,0.0,2014-10-01
badhaadhe,0.0,2014-10-01
jamaame,0.0,2014-10-01
banadir,0.0,2018-06-01
borama,0.17948061216141195,2018-06-01
baki,0.24143577907934255,2018-06-01
lughaye,0.9840931023310638,2018-06-01
zeylac,0.8055055706085276,2018-06-01
hargeysa,4.5511714493475835e-08,2018-06-01
berbera,0.36027934317705285,2018-06-01
gebiley,0.0,2018-06-01
burco,0.14354117766759655,2018-06-01
buuhoodle,0.0020343034148859406,2018-06-01
owdweyne,0.17923360967625995,2018-06-01
sheikh,0.0826999214046808,2018-06-01
laas caanood,0.6975609619469733,2018-06-01
caynabo,0.887443794807065,2018-06-01
taleex,1.0,2018-06-01
xudun,1.0,2018-06-01
ceerigaabo,1.0,2018-06-01
ceel afweyn,0.8053347751580667,2018-06-01
laasqoray,1.0,2018-06-01
bossaso,1.0,2018-06-01
bandarbeyla,1.0,2018-06-01
caluula,1.0,2018-06-01
iskushuban,1.0,2018-06-01
qandala,1.0,2018-06-01
qardho,1.0,2018-06-01
garoowe,0.8099911921463679,2018-06-01
burtinle,0.0,2018-06-01
eyl,0.794513598962617,2018-06-01
gaalkacyo,0.3912736134464528,2018-06-01
galdogob,0.0,2018-06-01
hobyo,0.892901317750165,2018-06-01
jariiban,0.957820519242476,2018-06-01
xarardheere,0.5892812376224282,2018-06-01
dhuusamarreeb,0.6210575099999462,2018-06-01
cabudwaaq,0.0,2018-06-01
cadaado,0.34859449688766736,2018-06-01
ceel buur,0.001407569189873378,2018-06-01
ceel dheer,0.0006551116893009919,2018-06-01
belet weyne,0.13275577226070895,2018-06-01
bulo burto,0.25879597582232733,2018-06-01
jalalaqsi,0.4505514511904323,2018-06-01
jowhar,0.0017976121248832642,2018-06-01
adan yabaal,0.0,2018-06-01
balcad,0.0,2018-06-01
cadale,0.0,2018-06-01
marka,0.0,2018-06-01
afgooye,0.0,2018-06-01
baraawe,0.0,2018-06-01
kurtunwaarey,0.0,2018-06-01
qoryooley,0.0,2018-06-01
sablaale,0.0,2018-06-01
wanla weyn,0.0,2018-06-01
baydhaba,0.0,2018-06-01
buur hakaba,0.0,2018-06-01
diinsoor,0.0,2018-06-01
qansax dheere,0.0,2018-06-01
xudur,0.0,2018-06-01
ceel barde,0.0,2018-06-01
tayeeglow,0.0,2018-06-01
waajid,0.0,2018-06-01
rab dhuure,0.0,2018-06-01
garbahaarey,0.0,2018-06-01
baardheere,0.1338889304956773,2018-06-01
belet xaawo,0.0006380698074621639,2018-06-01
ceel waaq,0.0,2018-06-01
doolow,0.5257427850568815,2018-06-01
luuq,0.0,2018-06-01
bu'aale,0.0,2018-06-01
jilib,0.0,2018-06-01
saakow,0.0004163803920341637,2018-06-01
kismaayo,0.0,2018-06-01
afmadow,0.0,2018-06-01
badhaadhe,0.0,2018-06-01
jamaame,0.0,2018-06-01
banadir,0.017384673029258602,2017-10-01
borama,0.0,2017-10-01
baki,0.0,2017-10-01
lughaye,0.0,2017-10-01
zeylac,0.0,2017-10-01
hargeysa,0.0006589402536154758,2017-10-01
berbera,0.0,2017-10-01
gebiley,0.0,2017-10-01
burco,0.683424890138357,2017-10-01
buuhoodle,0.9999983836174876,2017-10-01
owdweyne,0.6593966501209152,2017-10-01
sheikh,0.0,2017-10-01
laas caanood,1.0,2017-10-01
caynabo,0.9746137509199074,2017-10-01
taleex,1.0,2017-10-01
xudun,1.0,2017-10-01
ceerigaabo,0.6899695244027398,2017-10-01
ceel afweyn,0.3667889973687329,2017-10-01
laasqoray,0.5106351848493749,2017-10-01
bossaso,0.30176565898269875,2017-10-01
bandarbeyla,1.0,2017-10-01
caluula,0.0,2017-10-01
iskushuban,0.5719028288693861,2017-10-01
qandala,0.09177253486777903,2017-10-01
qardho,1.0,2017-10-01
garoowe,1.0,2017-10-01
burtinle,1.0,2017-10-01
eyl,1.0,2017-10-01
gaalkacyo,1.0,2017-10-01
galdogob,1.0,2017-10-01
hobyo,0.7601220759706865,2017-10-01
jariiban,0.8233506743601945,2017-10-01
xarardheere,0.0,2017-10-01
dhuusamarreeb,0.3742870345344259,2017-10-01
cabudwaaq,1.0,2017-10-01
cadaado,0.6522511554964837,2017-10-01
ceel buur,0.050611781418384724,2017-10-01
ceel dheer,0.0,2017-10-01
belet weyne,0.4205654679146535,2017-10-01
bulo burto,0.014851311187885513,2017-10-01
jalalaqsi,0.0,2017-10-01
jowhar,0.0,2017-10-01
adan yabaal,0.0,2017-10-01
balcad,0.12709532238338705,2017-10-01
cadale,0.0,2017-10-01
marka,0.001497672911818177,2017-10-01
afgooye,0.01745328309069047,2017-10-01
baraawe,0.0,2017-10-01
kurtunwaarey,0.0,2017-10-01
qoryooley,0.0009731895914058642,2017-10-01
sablaale,0.00096837570044673,2017-10-01
wanla weyn,0.036208265483412536,2017-10-01
baydhaba,1.0,2017-10-01
buur hakaba,0.8849342622884889,2017-10-01
diinsoor,1.0,2017-10-01
qansax dheere,0.9925749984799063,2017-10-01
xudur,1.0,2017-10-01
ceel barde,0.9990373117790999,2017-10-01
tayeeglow,0.9485528343624717,2017-10-01
waajid,1.0,2017-10-01
rab dhuure,0.8446786095420229,2017-10-01
garbahaarey,0.5473848281042827,2017-10-01
baardheere,0.07830989999737668,2017-10-01
belet xaawo,0.00029840168687855946,2017-10-01
ceel waaq,0.9460722883416345,2017-10-01
doolow,0.00021807695258710107,2017-10-01
luuq,0.3785392577217453,2017-10-01
bu'aale,0.00015750357097419568,2017-10-01
jilib,0.0,2017-10-01
saakow,0.0022225699531357454,2017-10-01
kismaayo,0.0,2017-10-01
afmadow,0.0,2017-10-01
badhaadhe,0.0,2017-10-01
jamaame,0.0,2017-10-01
banadir,0.0,2013-07-01
borama,1.8078081221518185e-06,2013-07-01
baki,0.0,2013-07-01
lughaye,0.0,2013-07-01
zeylac,0.0,2013-07-01
hargeysa,8.640823589430529e-07,2013-07-01
berbera,0.0,2013-07-01
gebiley,1.670403911971367e-06,2013-07-01
burco,7.339236809060461e-07,2013-07-01
buuhoodle,1.6163825921455318e-06,2013-07-01
owdweyne,2.9167170228035017e-07,2013-07-01
sheikh,0.0,2013-07-01
laas caanood,0.0,2013-07-01
caynabo,0.0,2013-07-01
taleex,0.0,2013-07-01
xudun,0.0,2013-07-01
ceerigaabo,0.0,2013-07-01
ceel afweyn,0.0,2013-07-01
laasqoray,0.0,2013-07-01
bossaso,0.0,2013-07-01
bandarbeyla,0.0,2013-07-01
caluula,0.0,2013-07-01
iskushuban,0.0,2013-07-01
qandala,0.0,2013-07-01
qardho,0.0,2013-07-01
garoowe,0.0,2013-07-01
burtinle,0.0,2013-07-01
eyl,0.0,2013-07-01
gaalkacyo,0.0,2013-07-01
galdogob,0.0,2013-07-01
hobyo,0.0,2013-07-01
jariiban,0.0,2013-07-01
xarardheere,0.0,2013-07-01
dhuusamarreeb,0.0,2013-07-01
cabudwaaq,0.0,2013-07-01
cadaado,0.0,2013-07-01
ceel buur,0.0,2013-07-01
ceel dheer,0.0,2013-07-01
belet weyne,1.7999830634054835e-08,2013-07-01
bulo burto,0.0,2013-07-01
jalalaqsi,0.0,2013-07-01
jowhar,0.0,2013-07-01
adan yabaal,0.0,2013-07-01
balcad,0.0,2013-07-01
cadale,0.0,2013-07-01
marka,0.0,2013-07-01
afgooye,0.0,2013-07-01
baraawe,0.0,2013-07-01
kurtunwaarey,0.0,2013-07-01
qoryooley,0.0,2013-07-01
sablaale,0.0,2013-07-01
wanla weyn,0.0,2013-07-01
baydhaba,0.0,2013-07-01
buur hakaba,0.0,2013-07-01
diinsoor,0.0,2013-07-01
qansax dheere,0.0,2013-07-01
xudur,0.0,2013-07-01
ceel barde,0.0,2013-07-01
tayeeglow,0.0,2013-07-01
waajid,0.0,2013-07-01
rab dhuure,0.0,2013-07-01
garbahaarey,0.0,2013-07-01
baardheere,0.0,2013-07-01
belet xaawo,0.0,2013-07-01
ceel waaq,0.0,2013-07-01
doolow,0.0,2013-07-01
luuq,0.0,2013-07-01
bu'aale,0.0,2013-07-01
jilib,0.0,2013-07-01
saakow,0.0,2013-07-01
kismaayo,0.0,2013-07-01
afmadow,0.0,2013-07-01
badhaadhe,0.0,2013-07-01
jamaame,0.0,2013-07-01
banadir,0.0,2016-02-01
borama,1.8078081221518176e-06,2016-02-01
baki,0.0,2016-02-01
lughaye,0.0,2016-02-01
zeylac,0.0,2016-02-01
hargeysa,5.318500613819525e-07,2016-02-01
berbera,0.0,2016-02-01
gebiley,1.6704039119713672e-06,2016-02-01
burco,0.0,2016-02-01
buuhoodle,0.0,2016-02-01
owdweyne,0.0,2016-02-01
sheikh,0.0,2016-02-01
laas caanood,0.0,2016-02-01
caynabo,0.0,2016-02-01
taleex,0.0,2016-02-01
xudun,0.0,2016-02-01
ceerigaabo,0.0,2016-02-01
ceel afweyn,0.0,2016-02-01
laasqoray,0.0,2016-02-01
bossaso,0.0,2016-02-01
bandarbeyla,0.0,2016-02-01
caluula,0.0,2016-02-01
iskushuban,0.0,2016-02-01
qandala,0.0,2016-02-01
qardho,0.0,2016-02-01
garoowe,0.0,2016-02-01
burtinle,0.0,2016-02-01
eyl,0.0,2016-02-01
gaalkacyo,0.0,2016-02-01
galdogob,0.0,2016-02-01
hobyo,0.0,2016-02-01
jariiban,0.0,2016-02-01
xarardheere,0.0,2016-02-01
dhuusamarreeb,0.0,2016-02-01
cabudwaaq,0.0,2016-02-01
cadaado,0.0,2016-02-01
ceel buur,0.0,2016-02-01
ceel dheer,0.0,2016-02-01
belet weyne,8.422034752259951e-07,2016-02-01
bulo burto,0.0,2016-02-01
jalalaqsi,0.0,2016-02-01
jowhar,0.0,2016-02-01
adan yabaal,0.0,2016-02-01
balcad,0.0,2016-02-01
cadale,0.0,2016-02-01
marka,0.0,2016-02-01
afgooye,0.0,2016-02-01
baraawe,0.0,2016-02-01
kurtunwaarey,0.0,2016-02-01
qoryooley,0.0,2016-02-01
sablaale,0.0,2016-02-01
wanla weyn,0.0,2016-02-01
baydhaba,0.0,2016-02-01
buur hakaba,0.0,2016-02-01
diinsoor,0.0,2016-02-01
qansax dheere,0.0,2016-02-01
xudur,0.0,2016-02-01
ceel barde,2.0601472347592973e-06,2016-02-01
tayeeglow,0.0,2016-02-01
waajid,0.0,2016-02-01
rab dhuure,2.516739656922736e-06,2016-02-01
garbahaarey,0.0,2016-02-01
baardheere,0.0,2016-02-01
belet xaawo,0.0,2016-02-01
ceel waaq,0.0,2016-02-01
doolow,5.73080253741901e-06,2016-02-01
luuq,1.271779269765114e-06,2016-02-01
bu'aale,0.0,2016-02-01
jilib,0.0,2016-02-01
saakow,0.0,2016-02-01
kismaayo,0.0,2016-02-01
afmadow,0.0,2016-02-01
badhaadhe,0.0,2016-02-01
jamaame,0.0,2016-02-01
banadir,0.0,2016-06-01
borama,5.425255355961841e-07,2016-06-01
baki,0.0,2016-06-01
lughaye,0.0,2016-06-01
zeylac,1.1799837309815017e-06,2016-06-01
hargeysa,3.7774401400853417e-07,2016-06-01
berbera,0.0,2016-06-01
gebiley,0.0,2016-06-01
burco,2.788574779433653e-08,2016-06-01
buuhoodle,0.0,2016-06-01
owdweyne,2.9167170229429037e-07,2016-06-01
sheikh,0.0,2016-06-01
laas caanood,0.0,2016-06-01
caynabo,0.0,2016-06-01
taleex,0.0,2016-06-01
xudun,0.0,2016-06-01
ceerigaabo,0.0,2016-06-01
ceel afweyn,0.0,2016-06-01
laasqoray,0.0,2016-06-01
bossaso,0.0,2016-06-01
bandarbeyla,0.0,2016-06-01
caluula,0.0,2016-06-01
iskushuban,0.0,2016-06-01
qandala,0.0,2016-06-01
qardho,0.0,2016-06-01
garoowe,0.0,2016-06-01
burtinle,0.0,2016-06-01
eyl,0.0,2016-06-01
gaalkacyo,0.0,2016-06-01
galdogob,0.0,2016-06-01
hobyo,0.0,2016-06-01
jariiban,0.0,2016-06-01
xarardheere,0.0,2016-06-01
dhuusamarreeb,0.0,2016-06-01
cabudwaaq,0.0,2016-06-01
cadaado,0.0,2016-06-01
ceel buur,0.0,2016-06-01
ceel dheer,0.0,2016-06-01
belet weyne,8.602033057943961e-07,2016-06-01
bulo burto,0.0,2016-06-01
jalalaqsi,0.0,2016-06-01
jowhar,0.0,2016-06-01
adan yabaal,0.0,2016-06-01
balcad,0.0,2016-06-01
cadale,0.0,2016-06-01
marka,0.0,2016-06-01
afgooye,0.0,2016-06-01
baraawe,0.0,2016-06-01
kurtunwaarey,0.0,2016-06-01
qoryooley,0.0,2016-06-01
sablaale,0.0,2016-06-01
wanla weyn,0.0,2016-06-01
baydhaba,0.0,2016-06-01
buur hakaba,0.0,2016-06-01
diinsoor,0.0,2016-06-01
qansax dheere,0.0,2016-06-01
xudur,0.0,2016-06-01
ceel barde,2.060147234425832e-06,2016-06-01
tayeeglow,0.0,2016-06-01
waajid,0.0,2016-06-01
rab dhuure,2.5167396568101636e-06,2016-06-01
garbahaarey,0.0,2016-06-01
baardheere,0.0,2016-06-01
belet xaawo,0.0,2016-06-01
ceel waaq,0.0,2016-06-01
doolow,4.36101004673388e-06,2016-06-01
luuq,1.271779269715908e-06,2016-06-01
bu'aale,0.0,2016-06-01
jilib,0.0,2016-06-01
saakow,0.0,2016-06-01
kismaayo,0.0,2016-06-01
afmadow,0.0,2016-06-01
badhaadhe,0.0,2016-06-01
jamaame,0.0,2016-06-01
banadir,0.982541778684766,2019-02-01
borama,0.17948006963266608,2019-02-01
baki,0.24143577907934285,2019-02-01
lughaye,0.9840931023310638,2019-02-01
zeylac,0.8055043906064067,2019-02-01
hargeysa,0.24866766543693053,2019-02-01
berbera,0.36027934317705285,2019-02-01
gebiley,0.0,2019-02-01
burco,0.683424890138357,2019-02-01
buuhoodle,0.9999983836174876,2019-02-01
owdweyne,0.6593966501209152,2019-02-01
sheikh,0.0,2019-02-01
laas caanood,0.9998750858646324,2019-02-01
caynabo,0.9746137509199074,2019-02-01
taleex,1.0,2019-02-01
xudun,1.0,2019-02-01
ceerigaabo,1.0,2019-02-01
ceel afweyn,0.8053347751580667,2019-02-01
laasqoray,0.9993704514122604,2019-02-01
bossaso,0.30176565898269875,2019-02-01
bandarbeyla,0.8261421809054418,2019-02-01
caluula,0.0,2019-02-01
iskushuban,0.502917828736743,2019-02-01
qandala,0.09177253486777903,2019-02-01
qardho,0.9999902309191522,2019-02-01
garoowe,0.8099911921463679,2019-02-01
burtinle,1.9665856141968777e-05,2019-02-01
eyl,0.3858099287259387,2019-02-01
gaalkacyo,0.0,2019-02-01
galdogob,0.0,2019-02-01
hobyo,0.0,2019-02-01
jariiban,0.0,2019-02-01
xarardheere,0.0,2019-02-01
dhuusamarreeb,0.0,2019-02-01
cabudwaaq,0.0,2019-02-01
cadaado,0.0,2019-02-01
ceel buur,0.0,2019-02-01
ceel dheer,0.0,2019-02-01
belet weyne,0.0,2019-02-01
bulo burto,0.0,2019-02-01
jalalaqsi,0.0,2019-02-01
jowhar,0.0,2019-02-01
adan yabaal,0.0,2019-02-01
balcad,0.0,2019-02-01
cadale,0.0,2019-02-01
marka,0.0,2019-02-01
afgooye,0.05811524595916818,2019-02-01
baraawe,0.0,2019-02-01
kurtunwaarey,0.0,2019-02-01
qoryooley,0.0,2019-02-01
sablaale,0.0,2019-02-01
wanla weyn,0.0,2019-02-01
baydhaba,0.0,2019-02-01
buur hakaba,0.0,2019-02-01
diinsoor,0.0,2019-02-01
qansax dheere,0.0,2019-02-01
xudur,0.0,2019-02-01
ceel barde,0.0,2019-02-01
tayeeglow,0.0,2019-02-01
waajid,0.0,2019-02-01
rab dhuure,0.0,2019-02-01
garbahaarey,0.0,2019-02-01
baardheere,0.0,2019-02-01
belet xaawo,0.0,2019-02-01
ceel waaq,0.0,2019-02-01
doolow,0.0,2019-02-01
luuq,0.0,2019-02-01
bu'aale,0.0,2019-02-01
jilib,0.0,2019-02-01
saakow,0.0,2019-02-01
kismaayo,0.0,2019-02-01
afmadow,0.0,2019-02-01
badhaadhe,0.0,2019-02-01
jamaame,0.0,2019-02-01
banadir,0.0,2020-02-01
borama,0.17948006957543683,2020-02-01
baki,0.2413318442429907,2020-02-01
lughaye,0.9840931023310638,2020-02-01
zeylac,0.8055043906063468,2020-02-01
hargeysa,0.0,2020-02-01
berbera,0.00018946356824045793,2020-02-01
gebiley,0.0,2020-02-01
burco,0.0005555560124827151,2020-02-01
buuhoodle,0.0020359007717867853,2020-02-01
owdweyne,2.917691122596282e-07,2020-02-01
sheikh,0.0,2020-02-01
laas caanood,0.6975441815563735,2020-02-01
caynabo,0.887443794807065,2020-02-01
taleex,0.9986854859761124,2020-02-01
xudun,1.0,2020-02-01
ceerigaabo,0.9989647492172468,2020-02-01
ceel afweyn,0.8053347751580667,2020-02-01
laasqoray,0.0,2020-02-01
bossaso,0.0,2020-02-01
bandarbeyla,0.9993149696575058,2020-02-01
caluula,0.0,2020-02-01
iskushuban,0.0,2020-02-01
qandala,0.0,2020-02-01
qardho,0.0008524977024520667,2020-02-01
garoowe,0.00025001244647748116,2020-02-01
burtinle,2.5061410326202793e-11,2020-02-01
eyl,0.0005264607380105328,2020-02-01
gaalkacyo,0.0,2020-02-01
galdogob,0.0,2020-02-01
hobyo,0.0,2020-02-01
jariiban,0.0,2020-02-01
xarardheere,0.0,2020-02-01
dhuusamarreeb,0.0,2020-02-01
cabudwaaq,0.0,2020-02-01
cadaado,0.0,2020-02-01
ceel buur,0.0,2020-02-01
ceel dheer,0.0,2020-02-01
belet weyne,0.13275640170375422,2020-02-01
bulo burto,0.2587959758223274,2020-02-01
jalalaqsi,0.0018765165887140876,2020-02-01
jowhar,0.0,2020-02-01
adan yabaal,0.0,2020-02-01
balcad,0.0,2020-02-01
cadale,0.0,2020-02-01
marka,0.0,2020-02-01
afgooye,0.0,2020-02-01
baraawe,0.0,2020-02-01
kurtunwaarey,0.0,2020-02-01
qoryooley,0.0,2020-02-01
sablaale,0.0,2020-02-01
wanla weyn,0.0,2020-02-01
baydhaba,0.0,2020-02-01
buur hakaba,0.0,2020-02-01
diinsoor,0.0,2020-02-01
qansax dheere,0.0,2020-02-01
xudur,0.0,2020-02-01
ceel barde,6.438036526395547e-07,2020-02-01
tayeeglow,0.0,2020-02-01
waajid,0.0,2020-02-01
rab dhuure,0.0,2020-02-01
garbahaarey,0.0,2020-02-01
baardheere,0.0,2020-02-01
belet xaawo,0.0,2020-02-01
ceel waaq,0.0,2020-02-01
doolow,4.294009015848702e-06,2020-02-01
luuq,0.0,2020-02-01
bu'aale,0.0,2020-02-01
jilib,0.0,2020-02-01
saakow,0.0,2020-02-01
kismaayo,0.0,2020-02-01
afmadow,0.0,2020-02-01
badhaadhe,0.0,2020-02-01
jamaame,0.0,2020-02-01
banadir,0.0,2016-10-01
borama,0.0,2016-10-01
baki,0.0,2016-10-01
lughaye,0.0,2016-10-01
zeylac,0.0,2016-10-01
hargeysa,8.185706428125283e-07,2016-10-01
berbera,0.0,2016-10-01
gebiley,4.960965829625349e-07,2016-10-01
burco,7.33923680963672e-07,2016-10-01
buuhoodle,1.6163974908946274e-06,2016-10-01
owdweyne,2.9167170229431795e-07,2016-10-01
sheikh,0.0,2016-10-01
laas caanood,0.0,2016-10-01
caynabo,0.0,2016-10-01
taleex,0.0,2016-10-01
xudun,0.0,2016-10-01
ceerigaabo,0.0,2016-10-01
ceel afweyn,0.0,2016-10-01
laasqoray,0.0006295485876791402,2016-10-01
bossaso,0.6967311201254013,2016-10-01
bandarbeyla,0.0,2016-10-01
caluula,0.0,2016-10-01
iskushuban,0.0,2016-10-01
qandala,0.0,2016-10-01
qardho,0.0,2016-10-01
garoowe,0.0,2016-10-01
burtinle,0.0,2016-10-01
eyl,0.0,2016-10-01
gaalkacyo,0.9979040581872146,2016-10-01
galdogob,0.0023124707151549566,2016-10-01
hobyo,0.00040730749702501076,2016-10-01
jariiban,0.0,2016-10-01
xarardheere,0.0,2016-10-01
dhuusamarreeb,0.0,2016-10-01
cabudwaaq,0.0,2016-10-01
cadaado,0.003001096676031202,2016-10-01
ceel buur,0.0,2016-10-01
ceel dheer,0.0,2016-10-01
belet weyne,8.602033057943963e-07,2016-10-01
bulo burto,0.0,2016-10-01
jalalaqsi,0.0,2016-10-01
jowhar,0.0,2016-10-01
adan yabaal,0.0,2016-10-01
balcad,0.0,2016-10-01
cadale,0.0,2016-10-01
marka,0.0,2016-10-01
afgooye,0.0,2016-10-01
baraawe,0.0,2016-10-01
kurtunwaarey,0.0,2016-10-01
qoryooley,0.0,2016-10-01
sablaale,0.0,2016-10-01
wanla weyn,0.0,2016-10-01
baydhaba,0.0,2016-10-01
buur hakaba,0.0,2016-10-01
diinsoor,0.0,2016-10-01
qansax dheere,0.0,2016-10-01
xudur,0.0,2016-10-01
ceel barde,2.060147234425821e-06,2016-10-01
tayeeglow,0.0,2016-10-01
waajid,0.0,2016-10-01
rab dhuure,2.5167396568101636e-06,2016-10-01
garbahaarey,0.0,2016-10-01
baardheere,0.0,2016-10-01
belet xaawo,0.0,2016-10-01
ceel waaq,0.0,2016-10-01
doolow,5.730802537676786e-06,2016-10-01
luuq,1.271779269715819e-06,2016-10-01
bu'aale,0.0,2016-10-01
jilib,0.0,2016-10-01
saakow,0.0,2016-10-01
kismaayo,0.0,2016-10-01
afmadow,0.0,2016-10-01
badhaadhe,0.0,2016-10-01
jamaame,0.0,2016-10-01
banadir,0.9826153278338142,2013-01-01
borama,0.003336101079894727,2013-01-01
baki,1.0,2013-01-01
lughaye,0.9990435494848182,2013-01-01
zeylac,0.0005163971433955768,2013-01-01
hargeysa,0.999999513661655,2013-01-01
berbera,1.0,2013-01-01
gebiley,0.9999995039034171,2013-01-01
burco,1.0,2013-01-01
buuhoodle,1.0,2013-01-01
owdweyne,1.0,2013-01-01
sheikh,1.0,2013-01-01
laas caanood,1.0,2013-01-01
caynabo,1.0,2013-01-01
taleex,1.0,2013-01-01
xudun,1.0,2013-01-01
ceerigaabo,1.0,2013-01-01
ceel afweyn,1.0,2013-01-01
laasqoray,1.0,2013-01-01
bossaso,1.0,2013-01-01
bandarbeyla,1.0,2013-01-01
caluula,1.0,2013-01-01
iskushuban,1.0,2013-01-01
qandala,1.0,2013-01-01
qardho,1.0,2013-01-01
garoowe,1.0,2013-01-01
burtinle,1.0,2013-01-01
eyl,1.0,2013-01-01
gaalkacyo,1.0,2013-01-01
galdogob,1.0,2013-01-01
hobyo,1.0,2013-01-01
jariiban,1.0,2013-01-01
xarardheere,0.0026779783832092934,2013-01-01
dhuusamarreeb,1.0,2013-01-01
cabudwaaq,1.0,2013-01-01
cadaado,1.0,2013-01-01
ceel buur,0.0016252437070869415,2013-01-01
ceel dheer,0.0,2013-01-01
belet weyne,0.6499278366806414,2013-01-01
bulo burto,0.000837799774252725,2013-01-01
jalalaqsi,0.0,2013-01-01
jowhar,0.0,2013-01-01
adan yabaal,0.0,2013-01-01
balcad,3.0492065561753354e-06,2013-01-01
cadale,0.0,2013-01-01
marka,0.9953724191433823,2013-01-01
afgooye,0.9979583209956455,2013-01-01
baraawe,0.0008331720895984316,2013-01-01
kurtunwaarey,0.0019927907758332327,2013-01-01
qoryooley,0.0059100147604489285,2013-01-01
sablaale,0.0015373494398035448,2013-01-01
wanla weyn,0.9970228857424404,2013-01-01
baydhaba,1.0,2013-01-01
buur hakaba,0.9999904069397869,2013-01-01
diinsoor,1.0,2013-01-01
qansax dheere,1.0,2013-01-01
xudur,1.0,2013-01-01
ceel barde,0.9990352516298933,2013-01-01
tayeeglow,0.9976506187559986,2013-01-01
waajid,1.0,2013-01-01
rab dhuure,0.9999974832603431,2013-01-01
garbahaarey,1.0,2013-01-01
baardheere,0.002312188898099421,2013-01-01
belet xaawo,1.0,2013-01-01
ceel waaq,0.999579363466318,2013-01-01
doolow,0.9999942691974625,2013-01-01
luuq,0.9999987282207302,2013-01-01
bu'aale,0.3588153403889854,2013-01-01
jilib,0.0008944875435793485,2013-01-01
saakow,0.002078600813306981,2013-01-01
kismaayo,0.999335804993818,2013-01-01
afmadow,0.9977764007654925,2013-01-01
badhaadhe,0.988586762905136,2013-01-01
jamaame,0.000806497104314806,2013-01-01
banadir,0.0,2015-04-01
borama,5.425255354155177e-07,2015-04-01
baki,0.0,2015-04-01
lughaye,0.0,2015-04-01
zeylac,1.1797639733061156e-06,2015-04-01
hargeysa,0.0,2015-04-01
berbera,0.0,2015-04-01
gebiley,0.0,2015-04-01
burco,0.0,2015-04-01
buuhoodle,0.0,2015-04-01
owdweyne,0.0,2015-04-01
sheikh,0.0,2015-04-01
laas caanood,0.0,2015-04-01
caynabo,0.0,2015-04-01
taleex,0.0,2015-04-01
xudun,0.0,2015-04-01
ceerigaabo,0.0,2015-04-01
ceel afweyn,0.0,2015-04-01
laasqoray,0.0,2015-04-01
bossaso,0.0,2015-04-01
bandarbeyla,0.0,2015-04-01
caluula,0.0,2015-04-01
iskushuban,0.0,2015-04-01
qandala,0.0,2015-04-01
qardho,0.0,2015-04-01
garoowe,0.0,2015-04-01
burtinle,0.0,2015-04-01
eyl,0.0,2015-04-01
gaalkacyo,0.0,2015-04-01
galdogob,0.0,2015-04-01
hobyo,0.0,2015-04-01
jariiban,0.0,2015-04-01
xarardheere,0.0,2015-04-01
dhuusamarreeb,0.0,2015-04-01
cabudwaaq,0.0,2015-04-01
cadaado,0.0,2015-04-01
ceel buur,0.0,2015-04-01
ceel dheer,0.0,2015-04-01
belet weyne,0.06545394046893617,2015-04-01
bulo burto,0.00012345294233553883,2015-04-01
jalalaqsi,0.0,2015-04-01
jowhar,0.09232894231615509,2015-04-01
adan yabaal,0.0,2015-04-01
balcad,0.00040691705755316234,2015-04-01
cadale,0.0,2015-04-01
marka,0.0,2015-04-01
afgooye,0.0,2015-04-01
baraawe,0.0,2015-04-01
kurtunwaarey,0.0,2015-04-01
qoryooley,0.0,2015-04-01
sablaale,0.0,2015-04-01
wanla weyn,0.0,2015-04-01
baydhaba,0.0,2015-04-01
buur hakaba,0.0,2015-04-01
diinsoor,0.0,2015-04-01
qansax dheere,0.0,2015-04-01
xudur,0.0,2015-04-01
ceel barde,0.0,2015-04-01
tayeeglow,0.0,2015-04-01
waajid,0.0,2015-04-01
rab dhuure,0.0,2015-04-01
garbahaarey,0.0,2015-04-01
baardheere,0.0,2015-04-01
belet xaawo,0.0,2015-04-01
ceel waaq,0.0,2015-04-01
doolow,0.2981782858420847,2015-04-01
luuq,0.0,2015-04-01
bu'aale,0.0,2015-04-01
jilib,0.0,2015-04-01
saakow,0.0,2015-04-01
kismaayo,0.0,2015-04-01
afmadow,0.0,2015-04-01
badhaadhe,0.0,2015-04-01
jamaame,0.0,2015-04-01
banadir,0.0,2019-10-01
borama,0.5392949632184612,2019-10-01
baki,0.3201181055076855,2019-10-01
lughaye,0.9840931023310638,2019-10-01
zeylac,0.8055043906063468,2019-10-01
hargeysa,0.6613725672236224,2019-10-01
berbera,0.36027934317705285,2019-10-01
gebiley,0.45384430520728314,2019-10-01
burco,0.8264112457348265,2019-10-01
buuhoodle,0.999998383268439,2019-10-01
owdweyne,0.8386302597154693,2019-10-01
sheikh,0.0826999214046808,2019-10-01
laas caanood,0.9999999999787662,2019-10-01
caynabo,0.9746137509199074,2019-10-01
taleex,1.0,2019-10-01
xudun,1.0,2019-10-01
ceerigaabo,1.0,2019-10-01
ceel afweyn,0.8053347751580667,2019-10-01
laasqoray,0.9993704514122604,2019-10-01
bossaso,0.30176565898269875,2019-10-01
bandarbeyla,0.8261421809054418,2019-10-01
caluula,0.0,2019-10-01
iskushuban,0.502917828736743,2019-10-01
qandala,0.09177253486777903,2019-10-01
qardho,0.9999902309191522,2019-10-01
garoowe,1.0,2019-10-01
burtinle,0.9999999999749386,2019-10-01
eyl,0.5912963297633219,2019-10-01
gaalkacyo,0.6087263865535472,2019-10-01
galdogob,1.0,2019-10-01
hobyo,0.23979914678794542,2019-10-01
jariiban,0.04217948075752401,2019-10-01
xarardheere,1.0,2019-10-01
dhuusamarreeb,0.37364909472606783,2019-10-01
cabudwaaq,1.0,2019-10-01
cadaado,0.6514055031123326,2019-10-01
ceel buur,0.051130263662955214,2019-10-01
ceel dheer,0.000765185523265906,2019-10-01
belet weyne,0.42056462574536974,2019-10-01
bulo burto,0.014851311187885513,2019-10-01
jalalaqsi,0.0,2019-10-01
jowhar,0.0,2019-10-01
adan yabaal,0.0,2019-10-01
balcad,0.0,2019-10-01
cadale,0.0,2019-10-01
marka,0.0,2019-10-01
afgooye,0.0,2019-10-01
baraawe,0.0,2019-10-01
kurtunwaarey,0.0,2019-10-01
qoryooley,0.0,2019-10-01
sablaale,0.0,2019-10-01
wanla weyn,0.0,2019-10-01
baydhaba,0.0,2019-10-01
buur hakaba,0.0,2019-10-01
diinsoor,0.0,2019-10-01
qansax dheere,0.0,2019-10-01
xudur,0.0,2019-10-01
ceel barde,0.0,2019-10-01
tayeeglow,0.0,2019-10-01
waajid,0.0,2019-10-01
rab dhuure,0.0,2019-10-01
garbahaarey,0.0,2019-10-01
baardheere,0.0,2019-10-01
belet xaawo,0.0,2019-10-01
ceel waaq,0.0,2019-10-01
doolow,0.0,2019-10-01
luuq,0.0,2019-10-01
bu'aale,0.0,2019-10-01
jilib,0.0,2019-10-01
saakow,0.0,2019-10-01
kismaayo,0.0,2019-10-01
afmadow,0.0,2019-10-01
badhaadhe,0.0,2019-10-01
jamaame,0.0,2019-10-01
banadir,0.982541779499261,2012-10-01
borama,0.0016932730131663826,2012-10-01
baki,0.2405637501762174,2012-10-01
lughaye,0.9605454180798648,2012-10-01
zeylac,0.7158462782480204,2012-10-01
hargeysa,0.0008236179173003888,2012-10-01
berbera,0.0007986259729607587,2012-10-01
gebiley,1.174307328970398e-06,2012-10-01
burco,0.9999113616530312,2012-10-01
buuhoodle,1.0,2012-10-01
owdweyne,0.9997921572293084,2012-10-01
sheikh,0.28029709511901496,2012-10-01
laas caanood,1.0,2012-10-01
caynabo,1.0,2012-10-01
taleex,1.0,2012-10-01
xudun,1.0,2012-10-01
ceerigaabo,1.0,2012-10-01
ceel afweyn,1.0,2012-10-01
laasqoray,1.0,2012-10-01
bossaso,1.0,2012-10-01
bandarbeyla,1.0,2012-10-01
caluula,1.0,2012-10-01
iskushuban,1.0,2012-10-01
qandala,1.0,2012-10-01
qardho,1.0,2012-10-01
garoowe,1.0,2012-10-01
burtinle,1.0,2012-10-01
eyl,1.0,2012-10-01
gaalkacyo,1.0,2012-10-01
galdogob,1.0,2012-10-01
hobyo,1.0,2012-10-01
jariiban,1.0,2012-10-01
xarardheere,0.002677978383206106,2012-10-01
dhuusamarreeb,1.0,2012-10-01
cabudwaaq,1.0,2012-10-01
cadaado,1.0,2012-10-01
ceel buur,0.0016252437070869413,2012-10-01
ceel dheer,0.0,2012-10-01
belet weyne,0.4857872272442967,2012-10-01
bulo burto,0.00041273112154064246,2012-10-01
jalalaqsi,0.0,2012-10-01
jowhar,0.0,2012-10-01
adan yabaal,0.0,2012-10-01
balcad,0.0,2012-10-01
cadale,0.0,2012-10-01
marka,0.0,2012-10-01
afgooye,0.03079128273123707,2012-10-01
baraawe,0.0,2012-10-01
kurtunwaarey,0.0,2012-10-01
qoryooley,0.0,2012-10-01
sablaale,0.0,2012-10-01
wanla weyn,0.0,2012-10-01
baydhaba,0.0,2012-10-01
buur hakaba,0.0,2012-10-01
diinsoor,0.0,2012-10-01
qansax dheere,0.0,2012-10-01
xudur,0.0,2012-10-01
ceel barde,2.0601472347592973e-06,2012-10-01
tayeeglow,0.0,2012-10-01
waajid,0.0,2012-10-01
rab dhuure,2.516739656922736e-06,2012-10-01
garbahaarey,0.0,2012-10-01
baardheere,0.001043995799666137,2012-10-01
belet xaawo,0.999545239160528,2012-10-01
ceel waaq,0.9988690332771026,2012-10-01
doolow,0.9991578788343778,2012-10-01
luuq,0.00031699316091479907,2012-10-01
bu'aale,0.5716625906502015,2012-10-01
jilib,0.18386595915203513,2012-10-01
saakow,0.07067838025271973,2012-10-01
kismaayo,0.0,2012-10-01
afmadow,0.0008827381120605634,2012-10-01
badhaadhe,0.0,2012-10-01
jamaame,0.0013106192579926575,2012-10-01
banadir,0.0,2018-02-01
borama,0.17948006957543683,2018-02-01
baki,0.24143577907934285,2018-02-01
lughaye,0.9840931023310638,2018-02-01
zeylac,0.8040311201856445,2018-02-01
hargeysa,3.7774400131898917e-07,2018-02-01
berbera,0.36027934317705285,2018-02-01
gebiley,0.0,2018-02-01
burco,2.7885745182542787e-08,2018-02-01
buuhoodle,0.0,2018-02-01
owdweyne,2.9167168406919464e-07,2018-02-01
sheikh,0.0,2018-02-01
laas caanood,0.0001416945323902607,2018-02-01
caynabo,0.0,2018-02-01
taleex,0.0006977412959492782,2018-02-01
xudun,0.0,2018-02-01
ceerigaabo,0.0,2018-02-01
ceel afweyn,0.04263589445738448,2018-02-01
laasqoray,0.0012421107280996188,2018-02-01
bossaso,0.30176565898269875,2018-02-01
bandarbeyla,0.999880017529599,2018-02-01
caluula,0.0,2018-02-01
iskushuban,0.502917828736743,2018-02-01
qandala,0.09177253486777903,2018-02-01
qardho,0.9999902309191522,2018-02-01
garoowe,0.9997499875535225,2018-02-01
burtinle,0.999980334143858,2018-02-01
eyl,0.7374528411843007,2018-02-01
gaalkacyo,1.0,2018-02-01
galdogob,1.0,2018-02-01
hobyo,0.7601220759706865,2018-02-01
jariiban,0.8230362558820813,2018-02-01
xarardheere,0.0,2018-02-01
dhuusamarreeb,0.9945898850756101,2018-02-01
cabudwaaq,1.0,2018-02-01
cadaado,1.0,2018-02-01
ceel buur,0.052019350608258116,2018-02-01
ceel dheer,0.0,2018-02-01
belet weyne,0.42056546791431,2018-02-01
bulo burto,0.014851311187885512,2018-02-01
jalalaqsi,0.0,2018-02-01
jowhar,0.0,2018-02-01
adan yabaal,0.0,2018-02-01
balcad,0.0,2018-02-01
cadale,0.0,2018-02-01
marka,0.0,2018-02-01
afgooye,0.0,2018-02-01
baraawe,0.0,2018-02-01
kurtunwaarey,0.0,2018-02-01
qoryooley,0.000973189591405863,2018-02-01
sablaale,3.1637019460324705e-05,2018-02-01
wanla weyn,0.0,2018-02-01
baydhaba,0.44117825510659686,2018-02-01
buur hakaba,0.34647533129145225,2018-02-01
diinsoor,0.6060327733683946,2018-02-01
qansax dheere,0.9714114739877167,2018-02-01
xudur,0.003398256476414745,2018-02-01
ceel barde,0.9990373117790999,2018-02-01
tayeeglow,0.001036303040754797,2018-02-01
waajid,0.0,2018-02-01
rab dhuure,0.001350643970621601,2018-02-01
garbahaarey,0.5473848281042827,2018-02-01
baardheere,0.7564999665129747,2018-02-01
belet xaawo,0.9303316885293427,2018-02-01
ceel waaq,0.9476934298468707,2018-02-01
doolow,0.15631091539334158,2018-02-01
luuq,0.3776498801835586,2018-02-01
bu'aale,0.00015750357097419585,2018-02-01
jilib,0.0,2018-02-01
saakow,0.003253609375319065,2018-02-01
kismaayo,0.0,2018-02-01
afmadow,0.0003270024258547281,2018-02-01
badhaadhe,0.0,2018-02-01
jamaame,0.0,2018-02-01
banadir,0.0,2015-10-01
borama,0.18011451757879576,2015-10-01
baki,0.0011292356792561992,2015-10-01
lughaye,0.9605454180798648,2015-10-01
zeylac,0.7159796207637223,2015-10-01
hargeysa,0.0,2015-10-01
berbera,0.3595502742788646,2015-10-01
gebiley,0.0,2015-10-01
burco,0.0,2015-10-01
buuhoodle,0.0,2015-10-01
owdweyne,0.0,2015-10-01
sheikh,0.0,2015-10-01
laas caanood,0.0,2015-10-01
caynabo,0.0,2015-10-01
taleex,0.0,2015-10-01
xudun,0.0,2015-10-01
ceerigaabo,0.0,2015-10-01
ceel afweyn,0.0,2015-10-01
laasqoray,0.0,2015-10-01
bossaso,0.0,2015-10-01
bandarbeyla,0.0,2015-10-01
caluula,0.0,2015-10-01
iskushuban,0.0,2015-10-01
qandala,0.0,2015-10-01
qardho,0.0,2015-10-01
garoowe,0.0,2015-10-01
burtinle,0.0,2015-10-01
eyl,0.0,2015-10-01
gaalkacyo,0.0,2015-10-01
galdogob,0.0,2015-10-01
hobyo,0.0,2015-10-01
jariiban,0.0,2015-10-01
xarardheere,0.0,2015-10-01
dhuusamarreeb,0.0,2015-10-01
cabudwaaq,0.0,2015-10-01
cadaado,0.0,2015-10-01
ceel buur,0.0,2015-10-01
ceel dheer,0.0,2015-10-01
belet weyne,0.0,2015-10-01
bulo burto,0.0,2015-10-01
jalalaqsi,0.0,2015-10-01
jowhar,0.0923289423161551,2015-10-01
adan yabaal,0.0,2015-10-01
balcad,0.11443248691720945,2015-10-01
cadale,0.0,2015-10-01
marka,0.0,2015-10-01
afgooye,0.00021446737703991573,2015-10-01
baraawe,0.0,2015-10-01
kurtunwaarey,0.0,2015-10-01
qoryooley,0.0,2015-10-01
sablaale,0.0,2015-10-01
wanla weyn,0.0,2015-10-01
baydhaba,0.0,2015-10-01
buur hakaba,0.0,2015-10-01
diinsoor,0.0,2015-10-01
qansax dheere,0.0,2015-10-01
xudur,0.0,2015-10-01
ceel barde,0.0,2015-10-01
tayeeglow,0.0,2015-10-01
waajid,0.0,2015-10-01
rab dhuure,0.0,2015-10-01
garbahaarey,0.0,2015-10-01
baardheere,0.0,2015-10-01
belet xaawo,0.0,2015-10-01
ceel waaq,0.0,2015-10-01
doolow,0.0,2015-10-01
luuq,0.0,2015-10-01
bu'aale,0.0,2015-10-01
jilib,0.0,2015-10-01
saakow,0.0,2015-10-01
kismaayo,0.0,2015-10-01
afmadow,0.0,2015-10-01
badhaadhe,0.0,2015-10-01
jamaame,0.0,2015-10-01
banadir,0.0,2018-12-01
borama,0.0,2018-12-01
baki,0.0,2018-12-01
lughaye,0.0,2018-12-01
zeylac,0.0,2018-12-01
hargeysa,0.0,2018-12-01
berbera,0.0,2018-12-01
gebiley,0.0,2018-12-01
burco,0.0,2018-12-01
buuhoodle,0.0,2018-12-01
owdweyne,0.0,2018-12-01
sheikh,0.0,2018-12-01
laas caanood,0.0,2018-12-01
caynabo,0.0,2018-12-01
taleex,0.0,2018-12-01
xudun,0.0,2018-12-01
ceerigaabo,0.0,2018-12-01
ceel afweyn,0.0,2018-12-01
laasqoray,0.0,2018-12-01
bossaso,0.0,2018-12-01
bandarbeyla,0.0,2018-12-01
caluula,0.0,2018-12-01
iskushuban,0.0,2018-12-01
qandala,0.0,2018-12-01
qardho,0.0,2018-12-01
garoowe,0.0,2018-12-01
burtinle,0.0,2018-12-01
eyl,0.0,2018-12-01
gaalkacyo,0.0,2018-12-01
galdogob,0.0,2018-12-01
hobyo,0.0,2018-12-01
jariiban,0.0,2018-12-01
xarardheere,0.0,2018-12-01
dhuusamarreeb,0.0,2018-12-01
cabudwaaq,0.0,2018-12-01
cadaado,0.0,2018-12-01
ceel buur,0.0,2018-12-01
ceel dheer,0.0,2018-12-01
belet weyne,0.0,2018-12-01
bulo burto,0.0,2018-12-01
jalalaqsi,0.0,2018-12-01
jowhar,0.0,2018-12-01
adan yabaal,0.0,2018-12-01
balcad,0.0,2018-12-01
cadale,0.0,2018-12-01
marka,0.0,2018-12-01
afgooye,0.0,2018-12-01
baraawe,0.0,2018-12-01
kurtunwaarey,0.0,2018-12-01
qoryooley,0.0,2018-12-01
sablaale,0.0,2018-12-01
wanla weyn,0.0,2018-12-01
baydhaba,0.0,2018-12-01
buur hakaba,0.0,2018-12-01
diinsoor,0.0,2018-12-01
qansax dheere,0.0,2018-12-01
xudur,0.0,2018-12-01
ceel barde,0.0,2018-12-01
tayeeglow,0.0,2018-12-01
waajid,0.0,2018-12-01
rab dhuure,0.0,2018-12-01
garbahaarey,0.0,2018-12-01
baardheere,0.0,2018-12-01
belet xaawo,0.0,2018-12-01
ceel waaq,0.0,2018-12-01
doolow,0.0,2018-12-01
luuq,0.0,2018-12-01
bu'aale,0.0,2018-12-01
jilib,0.0,2018-12-01
saakow,0.0,2018-12-01
kismaayo,0.0,2018-12-01
afmadow,0.0,2018-12-01
badhaadhe,0.0,2018-12-01
jamaame,0.0,2018-12-01
