country,level 1 name,area,area id,analysis name,date of analysis,country population,#,% of total county pop,area phase,analysis period,phase 1#,phase 1%,phase 2#,phase 2%,phase 3#,phase 3%,phase 4#,phase 4%,phase 5#,phase 5%,phase 3+#,phase 3+%,# of population analyzed,% of population analyzed,projected area phase,projection period,projected phase 1#,projected phase 1%,projected phase 2#,projected phase 2%,projected phase 3#,projected phase 3%,projected phase 4#,projected phase 4%,projected phase 5#,projected phase 5%,projected phase 3+#,projected phase 3+%
Afghanistan,,,,,2022-03-01,41727303.0,41727303.0,1.0,,Mar 2022 - May 2022,7451417.0,0.18,14625723.0,0.35,13036510.0,0.31,6593329.0,0.16,20324.0,0.0,19650163.0,0.47,41727303.0,1.0,,Jun 2022 - Nov 2022,8076291.0,0.2,14730490.0,0.35,12944658.0,0.31,5975864.0,0.14,0.0,0.0,18920522.0,0.45
Afghanistan,,,,,2021-10-01,41727304.0,40411862.0,0.9684752698137411,,Sep 2021 - Oct 2021,7953993.0,0.2,13613416.0,0.33,11988297.0,0.3,6856155.0,0.17,0.0,0.0,18844453.0,0.47,41727304.0,1.0,,Nov 2021 - Mar 2022,6440549.0,0.15,12473098.0,0.3,14073883.0,0.34,8739775.0,0.21,0.0,0.0,22813658.0,0.55
Afghanistan,,,,,2021-03-01,32890171.0,31390171.0,0.9543936697683937,,Mar 2021 - May 2021,8669926.0,0.28,11781317.0,0.38,7766480.0,0.25,3172449.0,0.1,0.0,0.0,10938928.0,0.35,31390171.0,0.9543936697683937,,Jun 2021 - Nov 2021,9694433.0,0.31,12233391.0,0.39,6719607.0,0.21,2742741.0,0.09,0.0,0.0,9462347.0,0.3
Afghanistan,,,,,2020-09-01,32890171.0,31390171.0,0.9543936697683937,,Aug 2020 - Oct 2020,8904766.0,0.28,11336140.0,0.36,7544564.0,0.24,3604700.0,0.11,0.0,0.0,11149264.0,0.36,31390171.0,0.9543936697683937,,Nov 2020 - Mar 2021,7675485.0,0.24,10560167.0,0.34,8852083.0,0.28,4302436.0,0.14,0.0,0.0,13154519.0,0.42
Afghanistan,,,,,2020-04-01,32225560.0,30725560.0,0.9534530974791439,,Apr 2020 - May 2020,8925701.0,0.29,10942434.0,0.36,7383363.0,0.24,3474062.0,0.11,0.0,0.0,10857425.0,0.35,30725560.0,0.9534530974791439,,Jun 2020 - Nov 2020,8880776.0,0.29,11531599.0,0.38,7006624.0,0.23,3306561.0,0.11,0.0,0.0,10313185.0,0.34
Afghanistan,,,,,2019-09-01,32225560.0,30725560.0,0.9534530974791439,,Aug 2019 - Oct 2019,10118714.0,0.33,10374605.0,0.34,7793849.0,0.25,2438392.0,0.08,0.0,0.0,10232241.0,0.33,30725560.0,0.9534530974791439,,Nov 2019 - Mar 2020,9989069.0,0.33,9450138.0,0.31,8591396.0,0.28,2694957.0,0.09,0.0,0.0,11286353.0,0.37
Afghanistan,,,,,2018-09-01,31575018.0,22567065.0,0.7147126566958727,,Aug 2018 - Oct 2018,5851033.0,0.26,6877624.0,0.3,7255036.0,0.32,2583371.0,0.11,0.0,0.0,9838407.0,0.43,22567065.0,0.7147126566958727,,Nov 2018 - Feb 2019,5153244.0,0.23,6785308.0,0.3,7731348.0,0.34,2897164.0,0.13,0.0,0.0,10628512.0,0.47
Afghanistan,,,,,2018-01-01,31575018.0,3926777.0,0.12436341287279709,,Nov 2017 - Feb 2018,1099982.0,0.28,1524747.0,0.39,891453.0,0.23,410594.0,0.1,0.0,0.0,1302047.0,0.33,,,,,,,,,,,,,,,,
Afghanistan,,,,,2017-09-01,29724323.0,29003956.0,0.9757650662052084,,Aug 2017 - Nov 2017,11452456.0,0.39,9945689.0,0.34,5710868.0,0.2,1894944.0,0.07,0.0,0.0,7605812.0,0.27,,,,,,,,,,,,,,,,
Afghanistan,,,,,2017-05-01,29724323.0,2991169.0,0.10063034909155037,,May 2017 - Jul 2017,1085103.0,0.36,1143324.0,0.38,477363.0,0.16,285379.0,0.1,0.0,0.0,762742.0,0.26,,,,,,,,,,,,,,,,
Angola,,,,,2021-06-01,32097671.0,2667790.0,0.08311475309221034,,Jun 2021 - Sep 2021,531260.0,0.2,820998.0,0.31,1008245.0,0.38,307288.0,0.12,0.0,0.0,1315532.0,0.49,2750124.0,0.08567986132077932,,Oct 2021 - Mar 2022,482825.0,0.18,683303.0,0.25,1167337.0,0.42,416660.0,0.15,0.0,0.0,1583996.0,0.58
Angola,,,,,2019-08-01,31825000.0,903937.0,0.028403362136684995,,Jul 2019 - Sep 2019,215412.0,0.23,267052.0,0.3,199558.0,0.22,221609.0,0.25,0.0,0.0,421167.0,0.47,903937.0,0.028403362136684995,,Oct 2019 - Feb 2020,148715.0,0.16,193374.0,0.21,271607.0,0.3,290229.0,0.32,0.0,0.0,561836.0,0.62
Burundi,,,,,2022-04-01,12045234.0,12045234.0,1.0,,Apr 2022 - May 2022,7783814.0,0.65,3078734.0,0.25,1182686.0,0.1,0.0,0.0,0.0,0.0,1182686.0,0.1,12045234.0,1.0,,Jun 2022 - Sep 2022,8636769.0,0.72,2762798.0,0.23,645667.0,0.05,0.0,0.0,0.0,0.0,645667.0,0.05
Burundi,,,,,2021-09-01,12495569.0,11718311.0,0.9377973103905872,,Jun 2021 - Sep 2021,6655977.0,0.57,4004342.0,0.34,1057992.0,0.09,0.0,0.0,0.0,0.0,1057992.0,0.09,11718311.0,0.9377973103905872,,Oct 2021 - Dec 2021,6167417.0,0.53,4108726.0,0.35,1442168.0,0.12,0.0,0.0,0.0,0.0,1442168.0,0.12
Burundi,,,,,2021-04-01,12495569.0,11718311.0,0.9377973103905872,,Apr 2021 - May 2021,5074935.0,0.43,5029958.0,0.43,1506739.0,0.13,106680.0,0.01,0.0,0.0,1613419.0,0.14,11718311.0,0.9377973103905872,,Jun 2021 - Sep 2021,6472948.0,0.55,4200579.0,0.36,988419.0,0.08,56365.0,0.01,0.0,0.0,1044784.0,0.09
Burundi,,,,,2020-08-01,11891000.0,11658048.0,0.9804093852493483,,Aug 2020 - Sep 2020,7609187.0,0.65,3293345.0,0.28,713462.0,0.06,42054.0,0.0,0.0,0.0,755517.0,0.06,11658048.0,0.9804093852493483,,Oct 2020 - Dec 2020,6367987.0,0.55,3955432.0,0.34,1206500.0,0.1,128129.0,0.01,0.0,0.0,1334629.0,0.11
Burundi,,,,,2020-05-01,11891000.0,10950595.0,0.9209145572281557,,May 2020 - May 2020,5587472.0,0.51,3918684.0,0.36,1402386.0,0.13,42054.0,0.0,0.0,0.0,1444440.0,0.13,10950595.0,0.9209145572281557,,Jun 2020 - Aug 2020,6983311.0,0.64,3108324.0,0.28,816907.0,0.07,42054.0,0.0,0.0,0.0,858960.0,0.08
Burundi,,,,,2018-07-01,11178588.0,10950595.0,0.9796044902987747,,Jul 2018 - Sep 2018,4851502.0,0.44,4699418.0,0.43,1301600.0,0.12,98076.0,0.01,0.0,0.0,1399676.0,0.13,10950595.0,0.9796044902987747,,Oct 2018 - Dec 2018,0.0,0.0,9228832.0,0.84,1721763.0,0.16,0.0,0.0,0.0,0.0,1721763.0,0.16
Burundi,,,,,2018-03-01,11178588.0,10950595.0,0.9796044902987747,,Mar 2018 - Apr 2018,6228151.0,0.57,3353620.0,0.31,1368824.0,0.12,0.0,0.0,0.0,0.0,1368824.0,0.12,10950595.0,0.9796044902987747,,Apr 2018 - May 2018,0.0,0.0,9280629.0,0.85,1669966.0,0.15,0.0,0.0,0.0,0.0,1669966.0,0.15
Burundi,,,,,2017-07-01,10400938.0,9758864.0,0.93826768316473,,Aug 2017 - Sep 2017,2877920.0,0.29,5116037.0,0.52,1471008.0,0.15,293900.0,0.03,0.0,0.0,1764908.0,0.18,9758864.0,0.93826768316473,,Oct 2017 - Dec 2017,0.0,0.0,7145554.0,0.73,2613310.0,0.27,0.0,0.0,0.0,0.0,2613310.0,0.27
Burundi,,,,,2017-03-01,10400938.0,9758864.0,0.93826768316473,,Apr 2017 - May 2017,3159436.0,0.32,4033560.0,0.41,1864751.0,0.19,701117.0,0.07,0.0,0.0,2565868.0,0.26,9758864.0,0.93826768316473,,Jun 2017 - Aug 2017,0.0,0.0,8235129.0,0.84,1523734.0,0.16,0.0,0.0,0.0,0.0,1523734.0,0.16
Central African Republic,,,,,2022-03-01,5677026.0,,,,,,,,,,,,,,,,,4946679.0,0.8713504218582053,,Apr 2022 - Aug 2022,1226085.0,0.24,1511692.0,0.31,1570882.0,0.32,638021.0,0.13,0.0,0.0,2208902.0,0.45
Central African Republic,,,,,2021-09-01,5677026.0,4942732.0,0.8706551634605866,,Sep 2021 - Mar 2022,1194811.0,0.24,1652643.0,0.33,1475713.0,0.3,619565.0,0.13,0.0,0.0,2095278.0,0.43,4942732.0,0.8706551634605866,,Apr 2022 - Aug 2022,1054513.0,0.21,1528283.0,0.31,1671055.0,0.34,688882.0,0.14,0.0,0.0,2359937.0,0.48
Central African Republic,,,,,2021-02-01,4900000.0,,,,,,,,,,,,,,,,,4879385.0,0.9957928571428571,,Apr 2021 - Aug 2021,998450.0,0.2,1591200.0,0.33,1657212.0,0.34,632524.0,0.13,0.0,0.0,2289736.0,0.47
Central African Republic,,,,,2020-09-01,4830000.0,4744003.0,0.9821952380952381,,Sep 2020 - Apr 2021,1058613.0,0.22,1756781.0,0.37,1520732.0,0.32,407877.0,0.09,0.0,0.0,1928609.0,0.41,4842192.0,1.0025242236024845,,May 2021 - Aug 2021,899335.0,0.19,1628182.0,0.34,1789989.0,0.37,524686.0,0.11,0.0,0.0,2314676.0,0.48
Central African Republic,,,,,2020-04-01,4830000.0,,,,,,,,,,,,,,,,,4596014.0,0.9515556935817805,,May 2020 - Aug 2020,605236.0,0.13,1619209.0,0.35,1608758.0,0.35,753979.0,0.16,0.0,0.0,2362737.0,0.51
Central African Republic,,,,,2019-09-01,4826000.0,4596014.0,0.952344384583506,,Sep 2019 - Apr 2020,1251017.0,0.27,1729594.0,0.38,1241886.0,0.27,373418.0,0.08,0.0,0.0,1615304.0,0.35,4596014.0,0.952344384583506,,May 2020 - Aug 2020,879689.0,0.19,1592981.0,0.35,1450049.0,0.32,673217.0,0.15,0.0,0.0,2123266.0,0.47
Central African Republic,,,,,2019-05-01,4826000.0,4391870.0,0.9100435142975549,,May 2019 - Aug 2019,796756.0,0.17,1786004.0,0.41,1343336.0,0.31,465773.0,0.11,0.0,0.0,1809109.0,0.42,4684555.0,0.9706910484873601,,Sep 2019 - Oct 2019,1158015.0,0.24,2179592.0,0.47,1073042.0,0.23,273906.0,0.06,0.0,0.0,1346948.0,0.29
Central African Republic,,,,,2018-09-01,4684517.0,4442612.0,0.9483607381508061,,Aug 2018 - Aug 2018,702450.0,0.16,1841199.0,0.41,1351826.0,0.3,547137.0,0.12,0.0,0.0,1898963.0,0.42,,,,,,,,,,,,,,,,
Central African Republic,,,,,2018-03-01,4946113.0,4759818.0,0.9623350699832374,,Mar 2018 - Mar 2018,1047650.0,0.22,2077029.0,0.44,1150351.0,0.24,484789.0,0.1,0.0,0.0,1635140.0,0.34,4759818.0,0.9623350699832374,,Apr 2018 - Aug 2018,868503.0,0.18,1849990.0,0.39,1345304.0,0.28,686869.0,0.14,0.0,0.0,2032173.0,0.42
Central African Republic,,,,,2017-02-01,5711072.0,3667906.0,0.6422447484465263,,Feb 2017 - May 2017,1038686.0,0.28,1519192.0,0.41,794156.0,0.22,315872.0,0.09,0.0,0.0,1110028.0,0.31,,,,,,,,,,,,,,,,
"Congo, DRC",,,,,2021-09-01,115195751.0,102259069.0,0.8876982710933496,,Sep 2021 - Dec 2021,30793333.0,0.3,44445573.0,0.43,20915406.0,0.2,6104757.0,0.06,0.0,0.0,27020164.0,0.26,105251041.0,0.913671208237533,,Jan 2022 - Jun 2022,31540609.0,0.3,47830924.0,0.45,20463608.0,0.2,5415900.0,0.05,0.0,0.0,25879508.0,0.25
"Congo, DRC",,,,,2021-02-01,105000000.0,96032609.0,0.9145962761904762,,Feb 2021 - Jul 2021,27991119.0,0.29,40779169.0,0.42,20533697.0,0.21,6728624.0,0.07,0.0,0.0,27262321.0,0.28,96032609.0,0.9145962761904762,,Aug 2021 - Dec 2021,27651998.0,0.29,42201977.0,0.44,20560601.0,0.21,5618034.0,0.06,0.0,0.0,26178635.0,0.27
"Congo, DRC",,,,,2020-07-01,103199000.0,66665234.0,0.6459872091783835,,Jul 2020 - Dec 2020,15806397.0,0.24,29024127.0,0.44,16131386.0,0.24,5703324.0,0.09,0.0,0.0,21834710.0,0.33,66665234.0,0.6459872091783835,,Jan 2021 - Jun 2021,16795375.0,0.25,30253077.0,0.45,14741313.0,0.22,4875469.0,0.07,0.0,0.0,19616782.0,0.29
"Congo, DRC",,,,,2019-06-01,86791000.0,59872947.0,0.6898520238273553,,Jul 2019 - Dec 2019,17264472.0,0.29,27030799.0,0.45,11660505.0,0.19,3917171.0,0.07,0.0,0.0,15577676.0,0.26,48077164.0,0.5539418142434124,,Jan 2020 - May 2020,13529407.0,0.28,20986039.0,0.44,9925921.0,0.21,3635796.0,0.07,0.0,0.0,13561717.0,0.28
"Congo, DRC",,,,,2018-06-01,84930565.0,56220906.0,0.661963169560923,,Aug 2018 - Jun 2019,15756643.0,0.28,27361886.0,0.49,9767461.0,0.17,3373595.0,0.06,0.0,0.0,13141056.0,0.23,,,,,,,,,,,,,,,,
"Congo, DRC",,,,,2017-06-01,78368000.0,71719669.0,0.9151652332584729,,Jun 2017 - Dec 2017,0.0,0.0,64014318.0,0.89,6164157.0,0.09,1478051.0,0.02,0.0,0.0,7642208.0,0.11,,,,,,,,,,,,,,,,
Djibouti,,,,,2022-03-01,1181675.0,1181675.0,1.0,,Mar 2022 - Jun 2022,627092.0,0.53,422586.0,0.36,127073.0,0.11,4923.0,0.0,0.0,0.0,131997.0,0.11,1181675.0,1.0,,Jul 2022 - Dec 2022,574741.0,0.49,414767.0,0.35,179778.0,0.15,12390.0,0.01,0.0,0.0,192168.0,0.16
Djibouti,,,,,2020-10-01,1117143.0,1117143.0,1.0,,Oct 2020 - Dec 2020,668757.0,0.6,293408.0,0.26,129106.0,0.12,25873.0,0.02,0.0,0.0,154979.0,0.14,1117143.0,1.0,,Jan 2021 - Aug 2021,534001.0,0.48,388945.0,0.35,167210.0,0.15,26987.0,0.02,0.0,0.0,194197.0,0.17
El Salvador,,,,,2021-08-01,6325827.0,6325827.0,1.0,,Jul 2021 - Aug 2021,2359805.0,0.37,3124833.0,0.49,780311.0,0.12,60879.0,0.01,0.0,0.0,841190.0,0.13,6325827.0,1.0,,Sep 2021 - Feb 2022,2755017.0,0.44,2977376.0,0.47,546698.0,0.09,46735.0,0.01,0.0,0.0,593434.0,0.1
El Salvador,,,,,2020-11-01,6825935.0,6779443.0,0.9931889184412099,,Nov 2020 - Feb 2021,3852077.0,0.57,2243247.0,0.33,589234.0,0.09,94884.0,0.01,0.0,0.0,684118.0,0.1,6779443.0,0.9931889184412099,,Mar 2021 - May 2021,3355640.0,0.49,2438739.0,0.36,863856.0,0.13,121208.0,0.02,0.0,0.0,985063.0,0.15
El Salvador,,,,,2018-11-01,6402812.0,1350963.0,0.21099526270644836,,Dec 2018 - Mar 2019,770267.0,0.57,366692.0,0.27,179033.0,0.13,34972.0,0.03,0.0,0.0,214004.0,0.16,1383406.0,0.21606225514664495,,Apr 2019 - Jul 2019,608306.0,0.44,472842.0,0.34,239228.0,0.17,63030.0,0.05,0.0,0.0,302258.0,0.22
El Salvador,,,,,2017-11-01,6381000.0,2504699.0,0.3925245259363736,,Nov 2017 - Feb 2018,2279835.0,0.91,222826.0,0.09,0.0,0.0,0.0,0.0,0.0,0.0,0.0,0.0,2504699.0,0.3925245259363736,,Mar 2018 - May 2018,2227948.0,0.89,230312.0,0.09,0.0,0.0,0.0,0.0,0.0,0.0,0.0,0.0
Eswatini,,,,,2021-11-01,1174517.0,,,,,,,,,,,,,,,,,1171233.0,0.9972039570308475,,Dec 2021 - Mar 2022,459813.0,0.39,375616.0,0.32,286260.0,0.24,49544.0,0.04,0.0,0.0,335804.0,0.29
Eswatini,,,,,2021-08-01,1174517.0,1174517.0,1.0,,Jul 2021 - Sep 2021,570374.0,0.49,342305.0,0.29,240224.0,0.2,21615.0,0.02,0.0,0.0,261839.0,0.22,1171233.0,0.9972039570308475,,Oct 2021 - Mar 2022,495229.0,0.42,359639.0,0.31,266821.0,0.23,49544.0,0.04,0.0,0.0,316365.0,0.27
Eswatini,,,,,2021-01-01,1160362.0,1129155.0,0.9731058066362049,,Jan 2021 - Mar 2021,348947.0,0.31,432786.0,0.38,287785.0,0.25,59637.0,0.05,0.0,0.0,347422.0,0.3,1129155.0,0.9731058066362049,,Apr 2021 - Sep 2021,448082.0,0.4,472349.0,0.42,158851.0,0.14,49874.0,0.04,0.0,0.0,208724.0,0.18
Eswatini,,,,,2020-06-01,1146903.0,1129155.0,0.9845252824345215,,Jun 2020 - Sep 2020,393953.0,0.35,404887.0,0.36,300877.0,0.27,29439.0,0.03,0.0,0.0,330316.0,0.3,1129155.0,0.9845252824345215,,Oct 2020 - Mar 2021,378611.0,0.34,384284.0,0.34,306623.0,0.27,59637.0,0.05,0.0,0.0,366260.0,0.32
Eswatini,,,,,2019-06-01,1133522.0,943835.0,0.8326569753388112,,Jun 2019 - Sep 2019,368804.0,0.39,370498.0,0.39,157341.0,0.17,47192.0,0.05,0.0,0.0,204533.0,0.22,943835.0,0.8326569753388112,,Oct 2019 - Mar 2020,340964.0,0.36,370498.0,0.39,185181.0,0.2,47192.0,0.05,0.0,0.0,232373.0,0.25
Eswatini,,,,,2018-11-01,1120092.0,,,,,,,,,,,,,,,,,949824.0,0.8479874867421605,,Dec 2018 - Mar 2019,401791.0,0.42,301402.0,0.32,168108.0,0.18,78531.0,0.08,0.0,0.0,246639.0,0.26
Eswatini,,,,,2018-06-01,1120092.0,1093238.0,0.9760251836456291,,Jun 2018 - Sep 2018,834580.0,0.76,136001.0,0.12,100829.0,0.09,21828.0,0.02,0.0,0.0,122657.0,0.11,1093238.0,0.9760251836456291,,Oct 2018 - Feb 2019,703377.0,0.64,224138.0,0.21,124277.0,0.11,41446.0,0.04,0.0,0.0,165723.0,0.15
Eswatini,,,,,2017-07-01,1106451.0,910000.0,0.8224494351760719,,Jul 2017 - Sep 2017,646450.0,0.7,126170.0,0.14,118250.0,0.13,19130.0,0.02,0.0,0.0,137380.0,0.15,910000.0,0.8224494351760719,,Oct 2017 - Feb 2018,556800.0,0.61,176200.0,0.19,155870.0,0.17,21130.0,0.02,0.0,0.0,177000.0,0.19
Ethiopia,,,,,2021-05-01,114964000.0,56346877.0,0.49012627431195854,,May 2021 - Jun 2021,22380046.0,0.4,17210486.0,0.31,12072236.0,0.21,4331214.0,0.08,352896.0,0.01,16756345.0,0.3,19749101.0,0.17178508924532898,,Jul 2021 - Sep 2021,6364779.0,0.32,5998032.0,0.3,4558999.0,0.23,2425979.0,0.12,401313.0,0.02,7386290.0,0.37
Ethiopia,,,,,2021-05-01,114964000.0,8980967.0,0.07811982011760203,,May 2021 - Jun 2021,1462694.0,0.17,1995331.0,0.22,3091605.0,0.34,2078442.0,0.23,352896.0,0.04,5522943.0,0.61,5961602.0,0.05185625065237814,,Jul 2021 - Sep 2021,526747.0,0.09,1037478.0,0.17,2193953.0,0.37,1802111.0,0.3,401313.0,0.07,4397377.0,0.74
Ethiopia,,,,,2020-10-01,114964000.0,52987400.0,0.46090428307992065,,Oct 2020 - Dec 2020,28605694.0,0.54,15772169.0,0.3,7191494.0,0.14,1418043.0,0.03,0.0,0.0,8609537.0,0.16,53977213.0,0.46951404787585677,,Jan 2021 - Jun 2021,23752632.0,0.44,17353112.0,0.32,10279333.0,0.19,2592136.0,0.05,0.0,0.0,12871469.0,0.24
Ethiopia,,,,,2020-08-01,114964000.0,41028219.0,0.35687884033262585,,Jul 2020 - Sep 2020,19514841.0,0.48,13007691.0,0.32,7064145.0,0.17,1441543.0,0.04,0.0,0.0,8505687.0,0.21,41028219.0,0.35687884033262585,,Oct 2020 - Dec 2020,21917130.0,0.53,12440774.0,0.3,5856056.0,0.14,814259.0,0.02,0.0,0.0,6670315.0,0.16
Ethiopia,,,,,2019-09-01,112079000.0,28727077.0,0.2563109681563897,,Jul 2019 - Sep 2019,10726519.0,0.37,10033578.0,0.35,6110416.0,0.21,1856564.0,0.06,0.0,0.0,7966980.0,0.27,28727077.0,0.2563109681563897,,Oct 2019 - Jan 2020,11492469.0,0.4,10544831.0,0.37,5355992.0,0.19,1333786.0,0.05,0.0,0.0,6689778.0,0.24
Guatemala,,,,,2022-04-01,17357886.0,17357886.0,1.0,,Mar 2022 - May 2022,6276178.0,0.37,7154438.0,0.41,3518170.0,0.2,409100.0,0.02,0.0,0.0,3927271.0,0.22,17357886.0,1.0,,Jun 2022 - Sep 2022,5623269.0,0.33,7133631.0,0.41,4048533.0,0.23,552453.0,0.03,0.0,0.0,4600986.0,0.26
Guatemala,,,,,2021-05-01,17109746.0,17109746.0,1.0,,May 2021 - Aug 2021,5875795.0,0.34,7775299.0,0.45,3285023.0,0.19,173629.0,0.01,0.0,0.0,3458652.0,0.2,17109746.0,1.0,,Sep 2021 - Jan 2022,6609358.0,0.39,7988165.0,0.47,2454451.0,0.14,57772.0,0.0,0.0,0.0,2512223.0,0.14
Guatemala,,,,,2020-12-01,16858333.0,,,,,,,,,,,,,,,,,16858333.0,1.0,,Nov 2020 - Mar 2021,6461787.0,0.38,6668946.0,0.4,3299978.0,0.2,427622.0,0.03,0.0,0.0,3727600.0,0.23
Guatemala,,,,,2020-09-01,16858333.0,16858333.0,1.0,,Aug 2020 - Oct 2020,5963358.0,0.35,7213367.0,0.43,3235585.0,0.19,446024.0,0.03,0.0,0.0,3681608.0,0.22,16858333.0,1.0,,Nov 2020 - Mar 2021,7125367.0,0.42,7096904.0,0.42,2473267.0,0.15,162795.0,0.01,0.0,0.0,2636062.0,0.16
Guatemala,,,,,2019-12-01,17581000.0,6876778.0,0.3911482850804846,,Dec 2019 - Mar 2020,3489390.0,0.51,2340647.0,0.34,849510.0,0.12,197231.0,0.03,0.0,0.0,1046740.0,0.15,6876778.0,0.3911482850804846,,Apr 2020 - Jul 2020,3057045.0,0.44,2496030.0,0.36,1098002.0,0.16,225701.0,0.03,0.0,0.0,1323703.0,0.19
Guatemala,,,,,2019-03-01,17581000.0,16626832.0,0.9457273192651158,,Nov 2018 - Feb 2019,9356128.0,0.56,4669302.0,0.28,2115443.0,0.13,485958.0,0.03,0.0,0.0,2601401.0,0.16,16626832.0,0.9457273192651158,,Mar 2019 - Jun 2019,8749243.0,0.53,4816715.0,0.29,2492477.0,0.15,568397.0,0.03,0.0,0.0,3060873.0,0.18
Guatemala,,,,,2017-07-01,16736000.0,4670000.0,0.2790391969407266,,Jul 2017 - Jul 2017,2900000.0,0.62,1300000.0,0.28,470000.0,0.1,0.0,0.0,0.0,0.0,470000.0,0.1,,,,,,,,,,,,,,,,
Haiti,,,,,2022-02-01,10911819.0,,,,,,,,,,,,,,,,,9906757.0,0.9078923504871186,,Mar 2022 - Jun 2022,2758414.0,0.28,2652491.0,0.27,3178226.0,0.32,1317626.0,0.13,0.0,0.0,4495852.0,0.45
Haiti,,,,,2021-09-01,12900000.0,9906757.0,0.7679656589147287,,Sep 2021 - Feb 2022,2817961.0,0.28,2747687.0,0.28,2995664.0,0.3,1337763.0,0.14,0.0,0.0,4333426.0,0.44,9906757.0,0.7679656589147287,,Mar 2022 - Jun 2022,2784800.0,0.28,2557940.0,0.26,3220665.0,0.33,1343352.0,0.14,0.0,0.0,4564017.0,0.46
Haiti,,,,,2020-08-01,10911819.0,9536143.0,0.8739278941485374,,Aug 2020 - Feb 2021,2525541.0,0.26,3021634.0,0.32,3083497.0,0.32,905471.0,0.09,0.0,0.0,3988968.0,0.41,9536143.0,0.8739278941485374,,Mar 2021 - Jun 2021,2371987.0,0.25,2808421.0,0.29,3198820.0,0.34,1156915.0,0.12,0.0,0.0,4355735.0,0.46
Haiti,,,,,2019-10-01,11263000.0,10450082.0,0.927824025570452,,Oct 2019 - Feb 2020,3537028.0,0.34,3239874.0,0.31,2627469.0,0.25,1045658.0,0.1,0.0,0.0,3673127.0,0.35,10450082.0,0.927824025570452,,Mar 2020 - Jun 2020,3546777.0,0.33,2799105.0,0.27,2897997.0,0.28,1203283.0,0.12,0.0,0.0,4101280.0,0.4
Haiti,,,,,2018-10-01,11112945.0,6977934.0,0.6279104233846203,,Oct 2018 - Feb 2019,2302432.0,0.33,2416520.0,0.35,1872616.0,0.27,386366.0,0.06,0.0,0.0,2258982.0,0.33,6977934.0,0.6279104233846203,,Mar 2019 - Jun 2019,1938387.0,0.28,2414258.0,0.35,2054160.0,0.29,571129.0,0.08,0.0,0.0,2625289.0,0.37
Haiti,,,,,2017-10-01,10906004.0,7425945.0,0.6809042982195862,,Oct 2017 - Feb 2018,3011451.0,0.4,3092718.0,0.42,1188918.0,0.16,132858.0,0.02,0.0,0.0,1321776.0,0.18,,,,,,,,,,,,,,,,
Haiti,,,,,2017-02-01,10906004.0,7555113.0,0.692748049606437,,Feb 2017 - May 2017,1732455.0,0.23,3475555.0,0.46,1689421.0,0.22,657682.0,0.09,0.0,0.0,2347103.0,0.31,7555113.0,0.692748049606437,,Jun 2017 - Sep 2017,1250456.0,0.17,2303078.0,0.3,379780.0,0.05,0.0,0.0,0.0,0.0,379780.0,0.05
Honduras,,,,,2022-01-01,9597739.0,9597739.0,1.0,,Dec 2021 - Feb 2022,3550819.0,0.37,3819323.0,0.4,1986945.0,0.21,240652.0,0.03,0.0,0.0,2227597.0,0.24,9597739.0,1.0,,Mar 2022 - May 2022,3425923.0,0.36,3811171.0,0.4,2079008.0,0.22,281637.0,0.03,0.0,0.0,2360645.0,0.25
Honduras,,,,,2021-01-01,9304380.0,9304380.0,1.0,,Dec 2020 - Mar 2021,2929158.0,0.31,3465700.0,0.37,2295570.0,0.25,613952.0,0.07,0.0,0.0,2909523.0,0.31,9304380.0,1.0,,Apr 2021 - Jun 2021,2648865.0,0.28,3590259.0,0.39,2498483.0,0.27,566773.0,0.06,0.0,0.0,3065256.0,0.33
Honduras,,,,,2020-06-01,9905000.0,,,,,,,,,,,,,,,,,5121413.0,0.5170533064109036,,Jun 2020 - Aug 2020,1597233.0,0.3,1876022.0,0.37,1298601.0,0.25,349559.0,0.07,0.0,0.0,1648160.0,0.32
Honduras,,,,,2019-11-01,9746000.0,5121413.0,0.5254887133182844,,Nov 2019 - Feb 2020,2362046.0,0.46,1795448.0,0.35,787093.0,0.15,176826.0,0.03,0.0,0.0,963919.0,0.18,5121413.0,0.5254887133182844,,Mar 2020 - Jun 2020,2055458.0,0.4,1844404.0,0.36,963273.0,0.19,258278.0,0.05,0.0,0.0,1221551.0,0.24
Honduras,,,,,2019-02-01,9746000.0,1390160.0,0.1426390313974964,,Dec 2018 - Feb 2019,752411.0,0.54,391821.0,0.28,172666.0,0.12,73263.0,0.05,0.0,0.0,245929.0,0.17,1390160.0,0.1426390313974964,,Mar 2019 - Jun 2019,708469.0,0.51,394039.0,0.28,205607.0,0.15,82045.0,0.06,0.0,0.0,287652.0,0.21
Honduras,,,,,2018-12-01,9377082.0,1400306.0,0.1493328095029989,,Dec 2018 - Feb 2019,731715.0,0.52,395532.0,0.28,224819.0,0.16,48238.0,0.03,0.0,0.0,273058.0,0.19,1400306.0,0.1493328095029989,,Mar 2019 - May 2019,764445.0,0.55,368452.0,0.26,218416.0,0.16,48993.0,0.03,0.0,0.0,267409.0,0.19
Kenya,,,,,2022-04-01,54986000.0,,,,,,,,,,,,,,,,,15152179.0,0.2755643072782163,,Mar 2022 - Jun 2022,5961984.0,0.39,5087940.0,0.34,3002100.0,0.2,1100155.0,0.07,0.0,0.0,4102255.0,0.27
Kenya,,,,,2022-02-01,54986000.0,15152179.0,0.2755643072782163,,Feb 2022 - Feb 2022,7181659.0,0.47,4898883.0,0.32,2546276.0,0.17,525361.0,0.03,0.0,0.0,3071637.0,0.2,15152179.0,0.2755643072782163,,Mar 2022 - Jun 2022,6423273.0,0.42,5242796.0,0.35,2728313.0,0.18,757796.0,0.05,0.0,0.0,3486109.0,0.23
Kenya,,,,,2021-07-01,54986000.0,15152179.0,0.2755643072782163,,Jul 2021 - Oct 2021,7686749.0,0.51,5317592.0,0.35,1793206.0,0.12,354633.0,0.02,0.0,0.0,2147839.0,0.14,15152179.0,0.2755643072782163,,Nov 2021 - Jan 2022,7544468.0,0.5,5241474.0,0.35,1998688.0,0.13,367549.0,0.02,0.0,0.0,2366237.0,0.16
Kenya,,,,,2021-02-01,54986000.0,15414269.0,0.28033079329283817,,Feb 2021 - Feb 2021,8755331.0,0.57,5233729.0,0.34,1186654.0,0.08,238555.0,0.02,0.0,0.0,1425209.0,0.1,15414269.0,0.28033079329283817,,Mar 2021 - May 2021,7848015.0,0.51,5557860.0,0.36,1769839.0,0.11,238555.0,0.02,0.0,0.0,2008394.0,0.13
Kenya,,,,,2020-08-01,53771000.0,17909824.0,0.33307589592903236,,Aug 2020 - Sep 2020,10079283.0,0.56,6020647.0,0.34,1499129.0,0.08,310764.0,0.02,0.0,0.0,1809894.0,0.1,17910343.0,0.33308554797195516,,Oct 2020 - Dec 2020,9694703.0,0.54,6332382.0,0.35,1483728.0,0.08,399530.0,0.02,0.0,0.0,1883258.0,0.1
Kenya,,,,,2020-02-01,53771000.0,15152176.0,0.28179085380595487,,Feb 2020 - Mar 2020,10087590.0,0.66,3745180.0,0.25,1022662.0,0.07,296721.0,0.02,0.0,0.0,1319383.0,0.09,15152176.0,0.28179085380595487,,Apr 2020 - Jul 2020,10698259.0,0.7,3469354.0,0.23,871856.0,0.06,112678.0,0.01,0.0,0.0,984534.0,0.07
Kenya,,,,,2019-07-01,52574000.0,13881444.0,0.2640362917031232,,Jul 2019 - Jul 2019,4757639.0,0.34,6556368.0,0.47,2269510.0,0.16,297927.0,0.02,0.0,0.0,2567437.0,0.18,13881444.0,0.2640362917031232,,Aug 2019 - Oct 2019,4768703.0,0.34,6016127.0,0.43,2739331.0,0.2,357283.0,0.03,0.0,0.0,3096614.0,0.23
LAC Region (tri-National),,,,,2021-11-01,32886284.0,515395.0,0.015672035186462537,,Nov 2021 - Feb 2022,244509.0,0.47,194628.0,0.38,72593.0,0.14,3665.0,0.01,0.0,0.0,76257.0,0.15,515395.0,0.015672035186462537,,Mar 2022 - May 2022,220916.0,0.43,189829.0,0.37,97211.0,0.19,7440.0,0.01,0.0,0.0,104651.0,0.2
LAC Region (tri-National),,,,,2021-06-01,32886284.0,,,,,,,,,,,,,,,,,,,,,,,,,,,,,,,,
LAC Region (tri-National),,,,,2020-10-01,32483755.0,485526.0,0.014946732605266848,,Oct 2020 - Feb 2021,199523.0,0.41,183381.0,0.38,92673.0,0.19,9949.0,0.02,0.0,0.0,102623.0,0.21,485526.0,0.014946732605266848,,Mar 2021 - May 2021,163789.0,0.34,201628.0,0.42,107388.0,0.22,12720.0,0.03,0.0,0.0,120109.0,0.25
LAC Region (tri-National),,,,,2020-05-01,32077126.0,,,,,,,,,,,,,,,,,474436.0,0.014790477176789467,,Jun 2020 - Aug 2020,168784.0,0.35,166604.0,0.35,119565.0,0.25,19482.0,0.04,0.0,0.0,139047.0,0.29
LAC Region (tri-National),,,,,2019-10-01,33780000.0,474436.0,0.014044878626406158,,Oct 2019 - Jan 2020,224436.0,0.47,169516.0,0.36,75860.0,0.16,4624.0,0.01,0.0,0.0,80484.0,0.17,474436.0,0.014044878626406158,,Feb 2020 - May 2020,199627.0,0.41,154906.0,0.33,112372.0,0.24,7528.0,0.02,0.0,0.0,119900.0,0.26
LAC Region (tri-National),,,,,2018-11-01,33254000.0,403000.0,0.012118842845973418,,Nov 2018 - Jan 2019,205530.0,0.51,104180.0,0.26,85240.0,0.21,8000.0,0.02,0.0,0.0,93240.0,0.23,403000.0,0.012118842845973418,,Feb 2019 - Apr 2019,200000.0,0.5,127870.0,0.32,71000.0,0.17,5200.0,0.01,0.0,0.0,76200.0,0.18
LAC Region (tri-National),,,,,2018-02-01,33254000.0,357000.0,0.010735550610452877,,Feb 2018 - May 2018,191000.0,0.53,141900.0,0.4,23780.0,0.07,0.0,0.0,0.0,0.0,23780.0,0.07,357000.0,0.010735550610452877,,Jun 2018 - Aug 2018,185000.0,0.52,120000.0,0.33,52660.0,0.15,0.0,0.0,0.0,0.0,52660.0,0.15
Lesotho,,,,,2021-11-01,2100000.0,1475113.0,0.702434761904762,,Nov 2021 - Dec 2021,609763.0,0.41,536926.0,0.36,311868.0,0.21,16556.0,0.01,0.0,0.0,328424.0,0.22,1475113.0,0.702434761904762,,Jan 2022 - Mar 2022,609763.0,0.41,527840.0,0.36,311868.0,0.21,25643.0,0.02,0.0,0.0,337511.0,0.23
Lesotho,,,,,2021-06-01,2100000.0,1475113.0,0.702434761904762,,Jul 2021 - Sep 2021,719106.0,0.49,577313.0,0.39,178694.0,0.12,0.0,0.0,0.0,0.0,178694.0,0.12,1475113.0,0.702434761904762,,Oct 2021 - Mar 2022,601962.0,0.41,561283.0,0.38,311868.0,0.21,0.0,0.0,0.0,0.0,311868.0,0.21
Lesotho,,,,,2020-07-01,2008801.0,1465150.0,0.7293654274365654,,Jul 2020 - Sep 2020,533517.0,0.36,557436.0,0.38,347006.0,0.24,27188.0,0.02,0.0,0.0,374195.0,0.26,1465150.0,0.7293654274365654,,Oct 2020 - Mar 2021,404447.0,0.28,478529.0,0.33,481725.0,0.33,100444.0,0.07,0.0,0.0,582169.0,0.4
Lesotho,,,,,2019-06-01,2293000.0,1455255.0,0.6346511120802443,,May 2019 - Sep 2019,637219.0,0.44,469630.0,0.32,279924.0,0.19,68482.0,0.05,0.0,0.0,348406.0,0.24,1455255.0,0.6346511120802443,,Oct 2019 - Mar 2020,467696.0,0.32,553832.0,0.38,362503.0,0.25,71224.0,0.05,0.0,0.0,433728.0,0.3
Lesotho,,,,,2018-11-01,2272021.0,,,,,,,,,,,,,,,,,1454255.0,0.6400711084976768,,Dec 2018 - Feb 2019,702787.0,0.48,477801.0,0.33,230683.0,0.16,42984.0,0.03,0.0,0.0,273667.0,0.19
Lesotho,,,,,2018-06-01,2272021.0,1445426.0,0.6361851408943844,,Jun 2018 - Sep 2018,935722.0,0.65,346255.0,0.24,153973.0,0.11,7163.0,0.0,0.0,0.0,161136.0,0.11,1445426.0,0.6361851408943844,,Oct 2018 - Feb 2019,702789.0,0.48,493990.0,0.34,215999.0,0.15,41384.0,0.03,0.0,0.0,257383.0,0.18
Lesotho,,,,,2017-07-01,1951688.0,1413916.0,0.7244580076323675,,Jul 2017 - Sep 2017,962165.0,0.68,272708.0,0.19,125772.0,0.09,53270.0,0.04,0.0,0.0,179042.0,0.13,1413916.0,0.7244580076323675,,Oct 2017 - Mar 2018,886304.0,0.63,320998.0,0.23,144270.0,0.1,80394.0,0.06,0.0,0.0,224664.0,0.16
Madagascar,,,,,2022-04-01,29000000.0,5250604.0,0.18105531034482758,,Apr 2022 - Aug 2022,1423977.0,0.27,2142498.0,0.41,1495073.0,0.28,189056.0,0.04,0.0,0.0,1684129.0,0.32,5250604.0,0.18105531034482758,,Sep 2022 - Nov 2022,1199454.0,0.23,2106300.0,0.4,1723006.0,0.33,221844.0,0.04,0.0,0.0,1944850.0,0.37
Madagascar,,,,,2021-11-01,27891778.0,4414391.0,0.1582685406430526,,Nov 2021 - Dec 2021,951649.0,0.22,1820100.0,0.41,1237868.0,0.28,404775.0,0.09,0.0,0.0,1642643.0,0.37,4414391.0,0.1582685406430526,,Jan 2022 - Apr 2022,864725.0,0.2,1912240.0,0.43,1303604.0,0.3,333822.0,0.08,0.0,0.0,1637426.0,0.37
Madagascar,,,,,2021-04-01,25680342.0,2683420.0,0.10449315667213466,,Apr 2021 - Sep 2021,549912.0,0.2,995875.0,0.37,731502.0,0.27,392213.0,0.15,13918.0,0.01,1137633.0,0.43,2692213.0,0.10483555865416434,,Oct 2021 - Dec 2021,463645.0,0.17,915231.0,0.34,801480.0,0.3,484020.0,0.18,27836.0,0.01,1313336.0,0.49
Madagascar,,,,,2020-11-01,25680342.0,3908628.0,0.15220311318283844,,Oct 2020 - Dec 2020,1191738.0,0.31,1654178.0,0.42,858496.0,0.22,204216.0,0.05,0.0,0.0,1062712.0,0.27,3908628.0,0.15220311318283844,,Jan 2021 - Apr 2021,942182.0,0.24,1617677.0,0.42,1067021.0,0.27,281748.0,0.07,0.0,0.0,1348769.0,0.35
Madagascar,,,,,2020-03-01,27691000.0,,,,,,,,,,,,,,,,,,,,,,,,,,,,,,,,
Madagascar,,,,,2019-10-01,26969000.0,3562187.0,0.13208450443101338,,Jul 2019 - Oct 2019,1748881.0,0.49,1313231.0,0.37,500075.0,0.14,0.0,0.0,0.0,0.0,500075.0,0.14,3562187.0,0.13208450443101338,,Nov 2019 - Mar 2020,1484232.0,0.42,1349979.0,0.38,690658.0,0.19,37319.0,0.01,0.0,0.0,727976.0,0.2
Madagascar,,,,,2019-06-01,26969000.0,3562187.0,0.13208450443101338,,Jun 2019 - Jul 2019,1550716.0,0.43,1280949.0,0.36,595932.0,0.17,134595.0,0.04,0.0,0.0,730527.0,0.21,3562187.0,0.13208450443101338,,Aug 2019 - Dec 2019,1365934.0,0.38,1280052.0,0.36,744780.0,0.21,171421.0,0.05,0.0,0.0,916201.0,0.26
Madagascar,,,,,2018-10-01,26262000.0,4601075.0,0.1751989566674282,,Aug 2018 - Oct 2018,2348308.0,0.51,1194055.0,0.26,761164.0,0.17,297547.0,0.06,0.0,0.0,1058711.0,0.23,4601075.0,0.1751989566674282,,Nov 2018 - Mar 2019,1957163.0,0.43,1336937.0,0.29,940615.0,0.2,366360.0,0.08,0.0,0.0,1306975.0,0.28
Madagascar,,,,,2018-05-01,26262000.0,3386871.0,0.1289647018505826,,Mar 2018 - Jun 2018,1183415.0,0.35,1144867.0,0.34,709038.0,0.21,349551.0,0.1,0.0,0.0,1058589.0,0.31,3386871.0,0.1289647018505826,,Jul 2018 - Sep 2018,1020523.0,0.3,1105025.0,0.33,860885.0,0.25,400438.0,0.12,0.0,0.0,1261323.0,0.37
Madagascar,,,,,2017-10-01,24301024.0,2999494.0,0.12343076571588095,,Aug 2017 - Oct 2017,886290.0,0.3,897366.0,0.3,1027783.0,0.34,261388.0,0.09,0.0,0.0,1289171.0,0.43,2999494.0,0.12343076571588095,,Nov 2017 - Mar 2018,576680.0,0.19,667717.0,0.22,1130323.0,0.38,392145.0,0.13,0.0,0.0,1522468.0,0.51
Madagascar,,,,,2017-06-01,24301024.0,2999494.0,0.12343076571588095,,Mar 2017 - May 2017,886226.0,0.3,1045720.0,0.35,804679.0,0.27,262869.0,0.09,0.0,0.0,1067548.0,0.36,2999494.0,0.12343076571588095,,Jun 2017 - Sep 2017,0.0,0.0,2143698.0,0.71,855796.0,0.29,0.0,0.0,0.0,0.0,855796.0,0.29
Malawi,,,,,2021-11-01,18827607.0,18827607.0,1.0,,Nov 2021 - Dec 2021,13075816.0,0.69,4355049.0,0.23,1396742.0,0.07,0.0,0.0,0.0,0.0,1396742.0,0.07,18827607.0,1.0,,Jan 2022 - Mar 2022,12172448.0,0.65,5001884.0,0.27,1653275.0,0.09,0.0,0.0,0.0,0.0,1653275.0,0.09
Malawi,,,,,2021-08-01,18898441.0,18827607.0,0.9962518601402095,,Jul 2021 - Sep 2021,14160113.0,0.75,3602821.0,0.19,1064674.0,0.06,0.0,0.0,0.0,0.0,1064674.0,0.06,18827607.0,0.9962518601402095,,Oct 2021 - Mar 2022,12837059.0,0.68,4494154.0,0.24,1496394.0,0.08,0.0,0.0,0.0,0.0,1496394.0,0.08
Malawi,,,,,2020-12-01,19718415.0,17677952.0,0.8965199281990971,,Nov 2020 - Dec 2020,8945225.0,0.51,6183030.0,0.35,2549703.0,0.14,0.0,0.0,0.0,0.0,2549703.0,0.14,17677952.0,0.8965199281990971,,Jan 2021 - Mar 2021,8768789.0,0.5,6266629.0,0.35,2509092.0,0.14,133448.0,0.01,0.0,0.0,2642538.0,0.15
Malawi,,,,,2020-08-01,19130000.0,17678952.0,0.9241480397281756,,Jul 2020 - Sep 2020,10457213.0,0.59,5524858.0,0.31,1696881.0,0.1,0.0,0.0,0.0,0.0,1696881.0,0.1,17677952.0,0.9240957658128593,,Oct 2020 - Mar 2021,8840895.0,0.5,6219071.0,0.35,2617986.0,0.15,0.0,0.0,0.0,0.0,2617986.0,0.15
Malawi,,,,,2019-11-01,18771580.0,,,,,,,,,,,,,,,,,14734053.0,0.7849127777203624,,Nov 2019 - Mar 2020,8539890.0,0.58,4314757.0,0.29,1862755.0,0.13,16650.0,0.0,0.0,0.0,1879406.0,0.13
Malawi,,,,,2019-06-01,18771580.0,14734053.0,0.7849127777203624,,Jul 2019 - Sep 2019,11145387.0,0.75,2915499.0,0.2,673167.0,0.05,0.0,0.0,0.0,0.0,673167.0,0.05,14734053.0,0.7849127777203624,,Oct 2019 - Mar 2020,10086397.0,0.68,3584981.0,0.24,1062674.0,0.07,0.0,0.0,0.0,0.0,1062674.0,0.07
Malawi,,,,,2018-08-01,18771580.0,15329133.0,0.8166138918514052,,Jul 2018 - Sep 2018,8610476.0,0.56,4470524.0,0.29,1799214.0,0.12,404148.0,0.03,0.0,0.0,2203362.0,0.15,15329133.0,0.8166138918514052,,Oct 2018 - Mar 2019,6914281.0,0.45,5030024.0,0.33,2857238.0,0.19,449153.0,0.03,0.0,0.0,3306392.0,0.22
Malawi,,,,,2017-07-01,18771580.0,14110120.0,0.7516746059734982,,Jul 2017 - Sep 2017,11635000.0,0.82,2009000.0,0.14,421000.0,0.03,0.0,0.0,0.0,0.0,421000.0,0.03,14110120.0,0.7516746059734982,,Oct 2017 - Mar 2018,9936000.0,0.7,3112000.0,0.22,1043000.0,0.07,0.0,0.0,0.0,0.0,1043000.0,0.07
Mozambique,,,,,2021-11-01,30832244.0,14519709.0,0.47092611877358004,,Nov 2021 - Mar 2022,6516368.0,0.45,6145701.0,0.42,1818432.0,0.13,39208.0,0.0,0.0,0.0,1857640.0,0.13,14519709.0,0.47092611877358004,,Apr 2022 - Sep 2022,7128616.0,0.49,5947710.0,0.41,1419830.0,0.1,23553.0,0.0,0.0,0.0,1443383.0,0.1
Mozambique,,,,,2021-04-01,30832244.0,531598.0,0.01724162535818022,,Oct 2020 - Mar 2021,151915.0,0.29,189739.0,0.36,132717.0,0.25,56247.0,0.11,0.0,0.0,188964.0,0.36,777398.0,0.025213798904808876,,Apr 2021 - Sep 2021,270308.0,0.35,278827.0,0.36,193023.0,0.25,35241.0,0.05,0.0,0.0,228264.0,0.3
Mozambique,,,,,2020-10-01,30066648.0,18143069.0,0.6034283901550981,,Oct 2020 - Dec 2020,6695577.0,0.37,8772570.0,0.48,2368993.0,0.13,305929.0,0.02,0.0,0.0,2674922.0,0.15,18143069.0,0.6034283901550981,,Jan 2021 - Mar 2021,6822023.0,0.38,8406989.0,0.46,2649367.0,0.15,264689.0,0.01,0.0,0.0,2914056.0,0.16
Mozambique,,,,,2020-06-01,30066648.0,2429263.0,0.08079593707951747,,Jun 2020 - Sep 2020,1336095.0,0.55,728779.0,0.3,364389.0,0.15,0.0,0.0,0.0,0.0,364389.0,0.15,,,,,,,,,,,,,,,,
Mozambique,,,,,2020-05-01,30066648.0,1089947.0,0.03625103137536316,,Oct 2019 - Mar 2020,386752.0,0.35,420020.0,0.39,251171.0,0.23,32004.0,0.03,0.0,0.0,283175.0,0.26,1097412.0,0.036499313125959366,,Apr 2020 - Sep 2020,565071.0,0.51,396991.0,0.36,135350.0,0.12,0.0,0.0,0.0,0.0,135350.0,0.12
Mozambique,,,,,2019-06-01,27909798.0,4983961.0,0.1785738829066409,,Apr 2019 - Sep 2019,1878082.0,0.38,1747834.0,0.35,1169377.0,0.23,188669.0,0.04,0.0,0.0,1358046.0,0.27,4983961.0,0.1785738829066409,,Oct 2019 - Feb 2020,1693964.0,0.34,1600589.0,0.32,1424615.0,0.29,264793.0,0.05,0.0,0.0,1689408.0,0.34
Mozambique,,,,,2018-10-01,30528673.0,28785007.0,0.9428843173104838,,Sep 2018 - Dec 2018,19147422.0,0.66,7837963.0,0.27,1333847.0,0.05,446665.0,0.02,0.0,0.0,1780512.0,0.07,28785007.0,0.9428843173104838,,Jan 2019 - Mar 2019,17139999.0,0.6,9595831.0,0.33,1565773.0,0.05,464294.0,0.02,0.0,0.0,2030067.0,0.07
Mozambique,,,,,2018-05-01,30528673.0,5208296.0,0.17060341928389747,,Apr 2018 - Sep 2018,3065424.0,0.59,1251819.0,0.24,721655.0,0.14,169397.0,0.03,0.0,0.0,891052.0,0.17,,,,,,,,,,,,,,,,
Mozambique,,,,,2017-07-01,26423623.0,18741104.0,0.7092556535490988,,Jun 2017 - Sep 2017,18135776.0,0.97,554291.0,0.03,51909.0,0.0,0.0,0.0,0.0,0.0,51909.0,0.0,18741104.0,0.7092556535490988,,Oct 2017 - Mar 2018,17777724.0,0.95,603103.0,0.03,361067.0,0.02,0.0,0.0,0.0,0.0,361067.0,0.02
Mozambique,,,,,2017-05-01,26423623.0,2753905.0,0.10422132498635785,,Mar 2017 - Apr 2017,1096341.0,0.4,799092.0,0.29,762578.0,0.28,95894.0,0.03,0.0,0.0,858473.0,0.31,2753905.0,0.10422132498635785,,May 2017 - Sep 2017,1316040.0,0.48,1127992.0,0.41,292104.0,0.11,15974.0,0.01,0.0,0.0,308079.0,0.12
Namibia,,,,,2021-10-01,2550226.0,2550226.0,1.0,,Oct 2021 - Nov 2021,995581.0,0.39,896056.0,0.35,556958.0,0.22,101630.0,0.04,0.0,0.0,658588.0,0.26,2550226.0,1.0,,Dec 2021 - Mar 2022,964175.0,0.38,835739.0,0.33,631697.0,0.25,118616.0,0.05,0.0,0.0,750313.0,0.3
Namibia,,,,,2020-07-01,2541000.0,2458900.0,0.967689885871704,,Jul 2020 - Sep 2020,1286750.0,0.52,744245.0,0.3,413605.0,0.17,14300.0,0.01,0.0,0.0,427905.0,0.18,2256200.0,0.887918142463597,,Oct 2020 - Mar 2021,1164920.0,0.52,650670.0,0.29,426310.0,0.19,14300.0,0.01,0.0,0.0,440610.0,0.2
Namibia,,,,,2019-10-01,2495000.0,2413643.0,0.9673919839679359,,Oct 2019 - Mar 2020,1134928.0,0.47,849441.0,0.35,429274.0,0.18,0.0,0.0,0.0,0.0,429274.0,0.18,2413643.0,0.9673919839679359,,Apr 2020 - Sep 2020,1217600.0,0.5,841605.0,0.35,354438.0,0.15,0.0,0.0,0.0,0.0,354438.0,0.15
Pakistan,,,,,2021-10-01,215250000.0,18585223.0,0.0863424994192799,,Oct 2021 - Mar 2022,7504843.0,0.4,6421452.0,0.35,3567559.0,0.19,1091368.0,0.06,0.0,0.0,4658928.0,0.25,18585223.0,0.0863424994192799,,Apr 2022 - Jun 2022,7447917.0,0.4,6451419.0,0.35,3655630.0,0.2,1030258.0,0.06,0.0,0.0,4685887.0,0.26
Pakistan,,,,,2021-03-01,220900000.0,14748078.0,0.06676359438660028,,Mar 2021 - Jun 2021,5592603.0,0.38,5334157.0,0.36,2829939.0,0.19,991379.0,0.07,0.0,0.0,3821318.0,0.26,14748078.0,0.06676359438660028,,Jul 2021 - Sep 2021,5835080.0,0.4,5627001.0,0.38,2447975.0,0.17,838022.0,0.06,0.0,0.0,3285996.0,0.23
Pakistan,,,,,2020-01-01,220892000.0,5020434.0,0.022728002824909912,,Nov 2019 - May 2020,2539727.0,0.51,1305419.0,0.26,803876.0,0.16,371411.0,0.07,0.0,0.0,1175287.0,0.23,5020434.0,0.022728002824909912,,Jun 2020 - Aug 2020,2318820.0,0.46,1465506.0,0.29,864696.0,0.17,371411.0,0.07,0.0,0.0,1236107.0,0.25
Pakistan,,,,,2019-04-01,216565000.0,5961083.0,0.027525606630803685,,Oct 2018 - Jul 2019,1497678.0,0.25,1395701.0,0.23,2055792.0,0.34,1011914.0,0.17,0.0,0.0,3067706.0,0.51,5961083.0,0.027525606630803685,,Jul 2019 - Nov 2019,1495925.0,0.25,1426284.0,0.24,2020926.0,0.34,1017948.0,0.17,0.0,0.0,3038874.0,0.51
Pakistan,,,,,2017-05-01,197525005.0,5441207.0,0.02754692753962973,,Feb 2017 - Aug 2017,1476518.0,0.27,1237867.0,0.23,1328465.0,0.24,1398357.0,0.26,0.0,0.0,2726822.0,0.5,,,,,,,,,,,,,,,,
Somalia,,,,,2022-05-01,15737178.0,15737178.0,1.0,,May 2022 - May 2022,6509258.0,0.42,3986300.0,0.25,3954060.0,0.25,1249360.0,0.08,38200.0,0.0,5241620.0,0.33,15737178.0,1.0,,Jun 2022 - Sep 2022,4605708.0,0.29,4060200.0,0.26,4730510.0,0.3,2127580.0,0.14,213180.0,0.01,7071270.0,0.45
Somalia,,,,,2022-03-01,15737178.0,,,,,,,,,,,,,,,,,15737178.0,1.0,,Mar 2022 - Mar 2022,7051518.0,0.45,3839690.0,0.24,3645730.0,0.23,1200240.0,0.08,0.0,0.0,4845970.0,0.31
Somalia,,,,,2022-01-01,15737178.0,15737178.0,1.0,,Jan 2022 - Jan 2022,9859298.0,0.62,3441180.0,0.22,2025720.0,0.13,410980.0,0.03,0.0,0.0,2436700.0,0.16,15737178.0,1.0,,Feb 2022 - Mar 2022,8019168.0,0.51,3565860.0,0.23,3468150.0,0.22,68400.0,0.04,0.0,0.0,4152150.0,0.26
Somalia,,,,,2021-08-01,15737176.0,15737176.0,1.0,,Jul 2021 - Sep 2021,10143856.0,0.64,3382700.0,0.21,1901750.0,0.12,308870.0,0.02,0.0,0.0,2210620.0,0.14,15737176.0,1.0,,Oct 2021 - Dec 2021,8558586.0,0.54,3712900.0,0.24,2824960.0,0.18,640730.0,0.04,0.0,0.0,3465690.0,0.22
Somalia,,,,,2021-01-01,12327530.0,12327530.0,1.0,,Jan 2021 - Mar 2021,8229530.0,0.67,2497200.0,0.2,1451000.0,0.12,149800.0,0.01,0.0,0.0,1600800.0,0.13,12327530.0,1.0,,Apr 2021 - Jun 2021,6749630.0,0.55,2925900.0,0.24,2251900.0,0.18,400100.0,0.03,0.0,0.0,2652000.0,0.22
Somalia,,,,,2020-09-01,12327530.0,12327530.0,1.0,,Jul 2020 - Sep 2020,8524530.0,0.69,2522000.0,0.2,983000.0,0.08,298000.0,0.02,0.0,0.0,1281000.0,0.1,12327530.0,1.0,,Oct 2020 - Dec 2020,7212530.0,0.58,3010000.0,0.24,1705000.0,0.14,400000.0,0.03,0.0,0.0,2105000.0,0.17
Somalia,,,,,2020-01-01,12327530.0,12327530.0,1.0,,Jan 2020 - Mar 2020,8324530.0,0.68,2856000.0,0.23,959000.0,0.08,188000.0,0.02,0.0,0.0,1147000.0,0.1,12327530.0,1.0,,Apr 2020 - Jun 2020,8190530.0,0.66,2839000.0,0.23,1059000.0,0.09,239000.0,0.02,0.0,0.0,1298000.0,0.11
Somalia,,,,,2019-08-01,12327530.0,12327530.0,1.0,,Jul 2019 - Sep 2019,7500530.0,0.61,3630000.0,0.29,982000.0,0.08,215000.0,0.02,0.0,0.0,1197000.0,0.1,12327530.0,1.0,,Oct 2019 - Dec 2019,5998330.0,0.49,4235200.0,0.34,1655000.0,0.13,439000.0,0.04,0.0,0.0,2094000.0,0.17
Somalia,,,,,2019-01-01,12327530.0,12327530.0,1.0,,Jan 2019 - Jan 2019,7619530.0,0.62,3571000.0,0.29,1045000.0,0.08,92000.0,0.01,0.0,0.0,1137000.0,0.09,12327530.0,1.0,,Feb 2019 - Jun 2019,7380530.0,0.6,3392000.0,0.28,1416000.0,0.11,139000.0,0.01,0.0,0.0,1555000.0,0.12
Somalia,,,,,2018-07-01,12327530.0,12327530.0,1.0,,Jul 2018 - Jul 2018,7354530.0,0.6,3204000.0,0.26,1638000.0,0.13,114000.0,0.01,17000.0,0.0,1769000.0,0.14,12327530.0,1.0,,Aug 2018 - Dec 2018,7689530.0,0.62,3077000.0,0.25,1388000.0,0.11,157000.0,0.01,17000.0,0.0,1562000.0,0.12
Somalia,,,,,2018-01-01,12327530.0,12327530.0,1.0,,Jan 2018 - Jan 2018,7888000.0,0.64,2794000.0,0.23,1466000.0,0.12,180000.0,0.01,0.0,0.0,1646000.0,0.13,12327530.0,1.0,,Feb 2018 - Jun 2018,6888000.0,0.56,2711000.0,0.22,2232000.0,0.18,496000.0,0.04,0.0,0.0,2728000.0,0.22
Somalia,,,,,2017-07-01,12327530.0,12327530.0,1.0,,Jul 2017 - Jul 2017,6149530.0,0.5,2868000.0,0.23,2444000.0,0.2,866000.0,0.07,0.0,0.0,3310000.0,0.27,12327530.0,1.0,,Aug 2017 - Dec 2017,6096530.0,0.49,3088000.0,0.25,2341000.0,0.19,802000.0,0.07,0.0,0.0,3143000.0,0.26
Somalia,,,,,2017-01-01,12327530.0,12327530.0,1.0,,Jan 2017 - Jan 2017,7169530.0,0.58,3514000.0,0.28,1561000.0,0.13,83000.0,0.01,0.0,0.0,1644000.0,0.14,12327530.0,1.0,,Feb 2017 - Jun 2017,6083530.0,0.49,3332000.0,0.27,2473000.0,0.2,439000.0,0.04,0.0,0.0,2912000.0,0.24
South Africa,,,,,2020-10-01,59622350.0,59130437.0,0.9917495201044575,,Sep 2020 - Dec 2020,34950493.0,0.59,14844785.0,0.25,8175072.0,0.14,1160087.0,0.02,0.0,0.0,9335159.0,0.16,60124502.0,1.0084222107984673,,Jan 2021 - Mar 2021,29966227.0,0.5,18362327.0,0.31,9598771.0,0.16,2197177.0,0.04,0.0,0.0,11795949.0,0.2
South Sudan,,,,,2022-03-01,12400000.0,12348961.0,0.9958839516129032,,Feb 2022 - Mar 2022,2146000.0,0.17,3371000.0,0.27,4401000.0,0.36,2375000.0,0.19,55000.0,0.0,6831000.0,0.55,12348961.0,0.9958839516129032,,Apr 2022 - Jul 2022,1700000.0,0.14,2901000.0,0.24,4765000.0,0.39,2892000.0,0.23,87000.0,0.01,7744000.0,0.63
South Sudan,,,,,2020-10-01,12060000.0,12001787.0,0.9951730514096185,,Oct 2020 - Nov 2020,2105000.0,0.18,3596000.0,0.3,4170000.0,0.35,2039000.0,0.17,92000.0,0.01,6301000.0,0.53,12001787.0,0.9951730514096185,,Dec 2020 - Mar 2021,2369000.0,0.2,3866000.0,0.32,3935000.0,0.33,1728000.0,0.14,105000.0,0.01,5768000.0,0.48
South Sudan,,,,,2020-01-01,11703111.0,11703111.0,1.0,,Jan 2020 - Jan 2020,2545000.0,0.22,3875000.0,0.33,4140000.0,0.35,1110000.0,0.09,40000.0,0.0,5290000.0,0.44,11703111.0,1.0,,Feb 2020 - Apr 2020,2100000.0,0.17,3595000.0,0.31,4515000.0,0.39,1475000.0,0.13,20000.0,0.0,6010000.0,0.52
South Sudan,,,,,2019-08-01,11703111.0,11703111.0,1.0,,Aug 2019 - Aug 2019,1870000.0,0.15,3480000.0,0.3,4640000.0,0.4,1700000.0,0.15,10000.0,0.0,6350000.0,0.55,11703111.0,1.0,,Sep 2019 - Dec 2019,2435000.0,0.21,4735000.0,0.4,3670000.0,0.31,875000.0,0.07,0.0,0.0,4545000.0,0.38
South Sudan,,,,,2019-05-01,11385139.0,,,,,,,,,,,,,,,,,,,,,,,,,,,,,,,,
South Sudan,,,,,2019-01-01,11385139.0,11385139.0,1.0,,Jan 2019 - Jan 2019,1805000.0,0.16,3420000.0,0.3,4780000.0,0.42,1360000.0,0.12,30000.0,0.0,6170000.0,0.54,11385139.0,1.0,,Feb 2019 - Apr 2019,1490000.0,0.13,3450000.0,0.3,4825000.0,0.42,1575000.0,0.14,45000.0,0.0,6445000.0,0.56
South Sudan,,,,,2018-09-01,10971513.0,10350874.0,0.9434317764559911,,Sep 2018 - Sep 2018,1065000.0,0.1,3225000.0,0.29,4320000.0,0.42,1695000.0,0.16,47000.0,0.0,6062000.0,0.58,10350874.0,0.9434317764559911,,Oct 2018 - Dec 2018,1615000.0,0.16,4335000.0,0.42,3415000.0,0.33,960000.0,0.09,26000.0,0.0,4401000.0,0.42
South Sudan,,,,,2018-01-01,11145932.0,11145932.0,1.0,,Jan 2018 - Jan 2018,1860000.0,0.17,3940000.0,0.35,4340000.0,0.39,1010000.0,0.09,0.0,0.0,5350000.0,0.48,11145932.0,1.0,,Feb 2018 - Apr 2018,1400000.0,0.12,3420000.0,0.31,4530000.0,0.41,1750000.0,0.16,50000.0,0.0,6330000.0,0.57
South Sudan,,,,,2017-09-01,10969993.0,10785081.0,0.983143836099075,,Sep 2017 - Sep 2017,1580000.0,0.15,3155000.0,0.29,3980000.0,0.37,2020000.0,0.19,40000.0,0.0,6040000.0,0.56,10785081.0,0.983143836099075,,Oct 2017 - Dec 2017,2145000.0,0.2,3820000.0,0.35,3545000.0,0.33,1250000.0,0.12,25000.0,0.0,4820000.0,0.45
South Sudan,,,,,2017-05-01,12311845.0,12235167.0,0.9937720138614481,,May 2017 - May 2017,2320000.0,0.19,4030000.0,0.33,4015000.0,0.33,1495000.0,0.12,20000.0,0.0,5530000.0,0.45,12235167.0,0.9937720138614481,,Jun 2017 - Jul 2017,2190000.0,0.18,3615000.0,0.3,4345000.0,0.36,1685000.0,0.14,45000.0,0.0,6075000.0,0.5
South Sudan,,,,,2017-01-01,11845855.0,11845855.0,1.0,,Jan 2017 - Jan 2017,3505000.0,0.3,4490000.0,0.38,3045000.0,0.26,700000.0,0.06,80000.0,0.01,3825000.0,0.33,11845855.0,1.0,,Feb 2017 - Apr 2017,2920000.0,0.25,4120000.0,0.35,3765000.0,0.31,1070000.0,0.09,100000.0,0.01,4935000.0,0.41
Sudan,,,,,2021-03-01,46796616.0,46568825.0,0.9951323189693887,,Apr 2021 - May 2021,24459653.0,0.53,14810899.0,0.32,5457113.0,0.12,1841160.0,0.04,0.0,0.0,7298273.0,0.16,46568825.0,0.9951323189693887,,Jun 2021 - Sep 2021,20273468.0,0.44,16525736.0,0.35,7072838.0,0.15,2696783.0,0.06,0.0,0.0,9769621.0,0.21
Sudan,,,,,2020-10-01,45319635.0,,,,,,,,,,,,,,,,,45012576.0,0.9932245923869422,,Oct 2020 - Dec 2020,20507606.0,0.46,17407791.0,0.39,5800371.0,0.13,1296808.0,0.03,0.0,0.0,7097179.0,0.16
Sudan,,,,,2020-06-01,45319635.0,45198109.0,0.9973184691359496,,Jun 2020 - Sep 2020,19728053.0,0.44,15891371.0,0.35,7410682.0,0.16,2168003.0,0.05,0.0,0.0,9578685.0,0.21,45198109.0,0.9973184691359496,,Oct 2020 - Dec 2020,22830757.0,0.51,15986594.0,0.35,5657268.0,0.13,723491.0,0.02,0.0,0.0,6380766.0,0.14
Sudan,,,,,2019-06-01,42813000.0,41934359.0,0.9794772382220354,,Jun 2019 - Aug 2019,24246158.0,0.58,11835390.0,0.28,4809357.0,0.11,1043453.0,0.02,0.0,0.0,5852810.0,0.13,,,,,,,,,,,,,,,,
Tanzania,,,,,2021-12-01,57637628.0,3404354.0,0.05906478316560841,,Nov 2021 - Apr 2022,2182032.0,0.64,785080.0,0.23,415463.0,0.12,21780.0,0.01,0.0,0.0,437243.0,0.13,3518200.0,0.06103998589254922,,May 2022 - Sep 2022,1997354.0,0.57,929126.0,0.26,496785.0,0.14,94935.0,0.03,0.0,0.0,591720.0,0.17
Tanzania,,,,,2019-11-01,58005000.0,4839520.0,0.08343280751659339,,Nov 2019 - Apr 2020,2198685.0,0.45,1655557.0,0.34,760566.0,0.16,224712.0,0.05,0.0,0.0,985278.0,0.2,4839520.0,0.08343280751659339,,May 2020 - Sep 2020,2505080.0,0.52,1845771.0,0.38,481044.0,0.1,7626.0,0.0,0.0,0.0,488669.0,0.1
Tanzania,,,,,2017-07-01,55504000.0,838947.0,0.015115072787546844,,Jul 2017 - Sep 2017,135631.0,0.16,582706.0,0.69,101116.0,0.12,17953.0,0.02,0.0,0.0,119069.0,0.14,838947.0,0.015115072787546844,,Oct 2017 - Dec 2017,135631.0,0.16,604902.0,0.72,84460.0,0.1,12413.0,0.01,0.0,0.0,96873.0,0.11
Uganda,,,,,2022-04-01,44212800.0,1245600.0,0.028172836825534685,,Mar 2022 - Jul 2022,334960.0,0.27,392790.0,0.32,427950.0,0.34,89900.0,0.07,0.0,0.0,517850.0,0.41,1245600.0,0.028172836825534685,,Aug 2022 - Feb 2023,431085.0,0.35,499840.0,0.4,276290.0,0.22,38385.0,0.03,0.0,0.0,314675.0,0.25
Uganda,,,,,2021-04-01,42885900.0,1206800.0,0.028139784871018213,,Mar 2021 - Jul 2021,412555.0,0.34,433335.0,0.36,285770.0,0.24,75140.0,0.06,0.0,0.0,360910.0,0.3,1206800.0,0.028139784871018213,,Aug 2021 - Jan 2022,548535.0,0.45,470610.0,0.39,159930.0,0.13,27725.0,0.03,0.0,0.0,187655.0,0.16
Uganda,,,,,2020-06-01,45741000.0,11483953.0,0.2510647559082661,,Jun 2020 - Aug 2020,4565942.0,0.4,4315163.0,0.38,1980053.0,0.17,622795.0,0.05,0.0,0.0,2602848.0,0.23,11483953.0,0.2510647559082661,,Sep 2020 - Jan 2021,4938387.0,0.43,4542829.0,0.4,1630877.0,0.14,371860.0,0.03,0.0,0.0,2002737.0,0.17
Uganda,,,,,2018-10-01,42729000.0,2584700.0,0.060490533361417305,,Oct 2018 - Dec 2018,985792.0,0.38,1321643.0,0.51,277265.0,0.11,0.0,0.0,0.0,0.0,277265.0,0.11,2584700.0,0.060490533361417305,,Jan 2019 - Mar 2019,792800.0,0.3,1316700.0,0.51,461600.0,0.18,13600.0,0.01,0.0,0.0,475200.0,0.19
Uganda,,,,,2017-11-01,40145000.0,36090800.0,0.8990110848175364,,Nov 2017 - Feb 2018,30833880.0,0.86,4818388.0,0.13,440821.0,0.01,0.0,0.0,0.0,0.0,440821.0,0.01,,,,,,,,,,,,,,,,
Uganda,,,,,2017-01-01,40145000.0,35035700.0,0.8727288578901482,,Jan 2017 - Mar 2017,24191355.0,0.69,9243678.0,0.26,1600667.0,0.05,0.0,0.0,0.0,0.0,1600667.0,0.05,,,,,,,,,,,,,,,,
Yemen,,,,,2022-02-01,31900000.0,31900000.0,1.0,,Jan 2022 - May 2022,5784500.0,0.18,8557000.0,0.27,11715000.0,0.37,5619500.0,0.18,31000.0,0.0,17365500.0,0.55,31900000.0,1.0,,Jun 2022 - Dec 2022,5470000.0,0.17,7218500.0,0.23,11712000.0,0.37,7140500.0,0.23,161000.0,0.0,19013500.0,0.6
Yemen,,,,,2020-11-01,30041712.0,30041712.0,1.0,,Oct 2020 - Dec 2020,6544500.0,0.22,10020000.0,0.33,9815000.0,0.33,3648000.0,0.12,16500.0,0.0,13479500.0,0.45,30041712.0,1.0,,Jan 2021 - Jun 2021,5258000.0,0.17,8644500.0,0.29,11042000.0,0.37,5058000.0,0.17,47000.0,0.0,16147000.0,0.54
Yemen,,,,,2020-06-01,29826000.0,7936741.0,0.26610142157848854,,Feb 2020 - Apr 2020,2304623.0,0.29,3624038.0,0.46,1523867.0,0.19,484213.0,0.06,0.0,0.0,2008080.0,0.25,7936741.0,0.26610142157848854,,Jul 2020 - Dec 2020,1712417.0,0.22,3008888.0,0.38,2277770.0,0.29,937666.0,0.12,0.0,0.0,3213000.0,0.4
Yemen,,,,,2019-06-01,30041712.0,2380793.0,0.0792495780533413,,Jul 2019 - Sep 2019,364500.0,0.15,770000.0,0.32,840500.0,0.35,406000.0,0.17,0.0,0.0,1246500.0,0.52,,,,,,,,,,,,,,,,
Yemen,,,,,2018-12-01,29884585.0,29884585.0,1.0,,Dec 2018 - Jan 2019,5109500.0,0.17,8875000.0,0.3,10879500.0,0.36,4957000.0,0.17,63500.0,0.0,15900000.0,0.53,,,,,,,,,,,,,,,,
Yemen,,,,,2017-03-01,28235000.0,,,,,,,,,,,,,,,,,28235000.0,1.0,,Mar 2017 - Jul 2017,5128620.0,0.18,6139700.0,0.22,10187750.0,0.36,6778930.0,0.24,0.0,0.0,16966680.0,0.6
Zambia,,,,,2021-06-01,18400556.0,11864098.0,0.6447684515620071,,Jul 2021 - Sep 2021,6250000.0,0.53,4438994.0,0.37,1175104.0,0.1,0.0,0.0,0.0,0.0,1175104.0,0.1,12181244.0,0.6620041263970502,,Oct 2021 - Mar 2022,5421278.0,0.45,5184811.0,0.43,1575154.0,0.13,0.0,0.0,0.0,0.0,1575154.0,0.13
Zambia,,,,,2021-02-01,18000000.0,,,,,,,,,,,,,,,,,6889816.0,0.3827675555555556,,Feb 2021 - Mar 2021,2621815.0,0.38,2513759.0,0.36,1485331.0,0.22,238912.0,0.03,0.0,0.0,1724243.0,0.25
Zambia,,,,,2020-07-01,17885422.0,6533704.0,0.3653089091216299,,Jul 2020 - Sep 2020,2940774.0,0.45,2169904.0,0.33,1237649.0,0.19,185377.0,0.03,0.0,0.0,1423026.0,0.22,6889816.0,0.38521964983549173,,Oct 2020 - Mar 2021,2526204.0,0.37,2387261.0,0.35,1651433.0,0.24,324919.0,0.05,0.0,0.0,1976351.0,0.29
Zambia,,,,,2019-05-01,17861000.0,9245232.0,0.5176211858238621,,May 2019 - Sep 2019,4768479.0,0.52,2819445.0,0.3,1388571.0,0.15,268684.0,0.03,0.0,0.0,1657255.0,0.18,9479663.0,0.53074648675886,,Oct 2019 - Mar 2020,4073759.0,0.43,3127699.0,0.33,1866246.0,0.2,411852.0,0.04,0.0,0.0,2278098.0,0.24
Zambia,,,,,2018-06-01,17609178.0,6889983.0,0.3912722672233764,,May 2018 - Sep 2018,4475117.0,0.65,1501699.0,0.22,640045.0,0.09,273122.0,0.04,0.0,0.0,913166.0,0.13,7080214.0,0.4020752132779849,,Oct 2018 - Mar 2019,3836971.0,0.54,1991706.0,0.28,876393.0,0.12,375143.0,0.05,0.0,0.0,1251537.0,0.17
Zimbabwe,,,,,2020-10-01,15557469.0,9706118.0,0.623887985892821,,Oct 2020 - Dec 2020,4222501.0,0.44,2878140.0,0.3,2017242.0,0.21,588235.0,0.06,0.0,0.0,2605477.0,0.27,9706118.0,0.623887985892821,,Jan 2021 - Mar 2021,3221153.0,0.33,3104734.0,0.32,2611638.0,0.27,768594.0,0.08,0.0,0.0,3380232.0,0.35
Zimbabwe,,,,,2020-02-01,14645000.0,9706118.0,0.6627598497780812,,Feb 2020 - Jun 2020,2580562.0,0.26,2784135.0,0.29,3294335.0,0.34,1047085.0,0.11,0.0,0.0,4341420.0,0.45,,,,,,,,,,,,,,,,
Zimbabwe,,,,,2019-06-01,14645000.0,9420663.0,0.6432682144076477,,Jun 2019 - Sep 2019,4607280.0,0.49,2486371.0,0.26,1671467.0,0.18,623138.0,0.07,0.0,0.0,2294605.0,0.25,9420663.0,0.6432682144076477,,Oct 2019 - Dec 2019,3159947.0,0.34,2678585.0,0.28,2474756.0,0.26,1105458.0,0.12,0.0,0.0,3580214.0,0.38
Zimbabwe,,,,,2019-02-01,14645000.0,9420000.0,0.6432229429839535,,Feb 2019 - May 2019,3668000.0,0.39,2873300.0,0.31,1892000.0,0.2,987000.0,0.1,0.0,0.0,2879000.0,0.3,,,,,,,,,,,,,,,,
